Unnamed: 0,car_name,registration_year,insurance_validity,fuel_type,seats,kms_driven,ownsership,transmission,manufacturing_year,mileage(kmpl),engine(cc),max_power(bhp),torque(Nm),price(in lakhs),price(in lakhs)_Scaled
0,2017 Mercedes-Benz S-Class S400,Jul-17,Comprehensive,Petrol,5,56000.0,First Owner,Automatic,2017,7.81,2996.0,2996.0,333.0,63.75,-0.029210462298858448
1,2020 Nissan Magnite Turbo CVT XV Premium Opt BSVI,Jan-21,Comprehensive,Petrol,5,30615.0,First Owner,Automatic,2020,17.4,999.0,999.0,9863.0,8.99,-0.045016938236691346
2,2018 BMW X1 sDrive 20d xLine,Sep-18,Comprehensive,Diesel,5,24000.0,First Owner,Automatic,2018,20.68,1995.0,1995.0,188.0,23.75,-0.04075646371436824
3,2019 Kia Seltos GTX Plus,Dec-19,Comprehensive,Petrol,5,18378.0,First Owner,Manual,2019,16.5,1353.0,1353.0,13808.0,13.56,-0.043697807574969355
4,2019 Skoda Superb LK 1.8 TSI AT,Aug-19,Comprehensive,Petrol,5,44900.0,First Owner,Automatic,2019,14.67,1798.0,1798.0,17746.0,24.0,-0.0406843012055213
5,2017 Honda Jazz 1.2 S i VTEC,Jul-17,Third Party insurance,Petrol,5,42000.0,First Owner,Manual,2017,18.7,1199.0,1199.0,887.0,5.45,-0.046038759361963964
6,2018 Hyundai Grand i10 1.2 Kappa Sportz BSIV,Feb-19,Comprehensive,Petrol,5,36739.0,First Owner,Manual,2018,18.9,1197.0,1197.0,8186.0,5.12,-0.04613401387364192
7,2018 Hyundai Creta 1.6 SX,Jul-18,Comprehensive,Petrol,5,76000.0,First Owner,Manual,2018,15.8,1591.0,1591.0,1213.0,9.3,-0.04492745672572114
8,2015 Mercedes-Benz S-Class S 350 CDI,Apr-15,Comprehensive,Diesel,5,68000.0,Second Owner,Automatic,2015,13.5,2987.0,2987.0,25479.0,42.0,-0.035488600568541896
9,2019 Tata Nexon 1.2 Revotron XZ Plus,Mar-19,Comprehensive,Petrol,5,28783.0,First Owner,Manual,2019,17.0,1198.0,1198.0,1085.0,8.02,-0.04529692877101746
10,2020 Honda City VX CVT,Mar-20,Comprehensive,Petrol,5,40000.0,First Owner,Automatic,2020,17.4,1497.0,1497.0,1176.0,10.95,-0.04445118416733137
11,2021 Renault Duster RXS,Feb-22,Comprehensive,Petrol,5,17382.0,First Owner,Manual,2021,16.42,1498.0,1498.0,10455.0,8.99,-0.045016938236691346
12,2014 BMW 3 Series 320d Prestige,2014,Third Party insurance,Diesel,5,120000.0,First Owner,Automatic,2014,18.88,1995.0,1995.0,184.0,7.45,-0.04546145929118848
13,2021 Hyundai Venue SX Plus Turbo DCT,Jan-22,Comprehensive,Petrol,5,17000.0,First Owner,Automatic,2021,18.15,998.0,998.0,11835.0,10.95,-0.04445118416733137
14,2019 Hyundai Grand i10 1.2 Kappa Sportz BSIV,Apr-19,Comprehensive,Petrol,5,26867.0,First Owner,Manual,2019,18.9,1197.0,1197.0,8186.0,5.78,-0.04594350485028601
15,2022 Hyundai i20 Asta Opt,Aug-22,Third Party insurance,Petrol,5,30000.0,First Owner,Manual,2022,21.0,1197.0,1197.0,8180.0,8.95,-0.04502848423810686
16,2014 BMW 3 Series 320d Luxury Line,2014,Third Party insurance,Diesel,5,150000.0,First Owner,Automatic,2014,18.88,1995.0,1995.0,184.0,8.5,-0.045158376754031344
17,2018 BMW 3 Series 320d Luxury Line,Mar-18,Comprehensive,Diesel,5,53000.0,First Owner,Automatic,2018,22.69,1995.0,1995.0,190.0,23.5,-0.040828626223215175
18,2019 Ford Ecosport 1.5 Petrol Titanium Plus BSIV,Nov-19,Comprehensive,Petrol,5,40000.0,First Owner,Manual,2019,17.0,1497.0,1497.0,12136.0,7.95,-0.045317134273494604
19,2020 Jeep Compass 1.4 Limited Plus,Nov-20,Comprehensive,Petrol,5,48000.0,First Owner,Automatic,2020,14.1,1368.0,1368.0,16077.0,18.95,-0.04214198388422941
20,2021 MG Gloster Savvy 6-Str,Sep-21,Comprehensive,Diesel,6,35000.0,First Owner,Automatic,2021,12.4,1996.0,1996.0,21501.0,35.0,-0.03750915081625611
21,2010 Maruti Swift 1.2 VXi BSII,Oct-10,Comprehensive,Petrol,5,100525.0,First Owner,Manual,2010,16.1,1197.0,1197.0,85.0,2.09,-0.04700862348086678
22,2015 Honda City i VTEC CVT VX,Sep-15,Third Party insurance,Petrol,5,83000.0,Second Owner,Automatic,2015,18.0,1497.0,1497.0,1173.0,6.25,-0.04580783933365377
23,2011 Maruti Wagon R LXI BSIII,Aug-11,Comprehensive,Petrol,5,40191.0,Second Owner,Manual,2011,998.0,671.0,671.0,90.0,2.12,-0.04699996397980515
24,2015 Audi A6 35 TDI,Dec-15,Comprehensive,Diesel,5,62152.0,First Owner,Automatic,2015,18.53,1968.0,1968.0,18774.0,20.0,-0.04183890134707228
25,2017 Hyundai Creta 1.6 VTVT S,Aug-17,Third Party insurance,Petrol,5,49000.0,First Owner,Manual,2017,15.29,1591.0,1591.0,1213.0,8.35,-0.045201674259339505
26,2017 Maruti Baleno 1.2 Delta,Aug-17,Comprehensive,Petrol,5,56215.0,First Owner,Manual,2017,21.4,1197.0,1197.0,831.0,5.03,-0.04615999237682682
27,2018 Toyota Yaris J,Sep-18,Comprehensive,Petrol,5,53000.0,First Owner,Manual,2018,17.1,1496.0,1496.0,10594.0,6.95,-0.045605784308882354
28,2015 Toyota Fortuner 4x2 AT,Sep-15,Comprehensive,Diesel,7,100000.0,First Owner,Automatic,2015,12.55,2982.0,2982.0,1685.0,16.0,-0.042993501488623256
29,2020 Hyundai Creta SX Turbo BSVI,Aug-20,Comprehensive,Petrol,5,36346.0,First Owner,Automatic,2020,16.8,1353.0,1353.0,13808.0,15.22,-0.0432186485162257
30,2018 Jaguar XE 2.0L Diesel Portfolio,Jul-18,Comprehensive,Diesel,5,48000.0,First Owner,Automatic,2018,13.5,1999.0,1999.0,177.0,26.95,-0.03983278360112746
31,2019 Hyundai i20 Sportz Plus BSIV,Nov-19,Comprehensive,Petrol,5,42098.0,First Owner,Manual,2019,18.6,1197.0,1197.0,8186.0,6.7,-0.045677946817729284
32,2018 Jeep Compass 2.0 Longitude Option BSIV,2018,Third Party insurance,Diesel,5,40000.0,First Owner,Manual,2018,17.1,1956.0,1956.0,170.0,10.75,-0.044508914174408915
33,2019 BMW X1 sDrive 20d xLine,Oct-19,Comprehensive,Diesel,5,64000.0,First Owner,Automatic,2019,20.68,1995.0,1995.0,188.0,25.5,-0.04025132615243968
34,2022 Maruti Swift ZXI Plus DT AMT BSVI,Dec-22,Comprehensive,Petrol,5,13158.0,First Owner,Automatic,2022,22.56,1197.0,1197.0,8850.0,8.38,-0.045193014758277875
35,2018 Hyundai Creta 1.6 SX Automatic Diesel,Jun-18,Third Party insurance,Diesel,5,65400.0,First Owner,Automatic,2018,17.6,1582.0,1582.0,1262.0,10.9,-0.04446561666910075
36,2017 Honda Amaze S i-VTEC,2017,Third Party insurance,Petrol,5,100000.0,First Owner,Manual,2017,17.8,1198.0,1198.0,867.0,3.95,-0.04647173441504558
37,2022 Tata Tiago XZ Plus CNG BSVI,Aug-22,Comprehensive,CNG,5,30000.0,First Owner,Manual,2022,26.49,1199.0,1199.0,72.0,7.25,-0.045519189298266025
38,2017 Honda Jazz 1.5 E i DTEC,Jun-17,Comprehensive,Diesel,5,62000.0,First Owner,Manual,2017,1498.0,986.0,986.0,200.0,4.75,-0.046240814386735385
39,2010 Volkswagen Beetle 2.0,May-10,Comprehensive,Petrol,4,40000.0,First Owner,Automatic,2010,10.98,1984.0,1984.0,1144.0,11.95,-0.044162534131943626
40,2021 MG Gloster Savvy 6-Str,Sep-21,Comprehensive,Diesel,6,35000.0,First Owner,Automatic,2021,12.4,1996.0,1996.0,21501.0,35.0,-0.03750915081625611
41,2010 Maruti Swift 1.2 VXi BSII,Oct-10,Comprehensive,Petrol,5,100525.0,First Owner,Manual,2010,16.1,1197.0,1197.0,85.0,2.09,-0.04700862348086678
42,2015 Honda City i VTEC CVT VX,Sep-15,Third Party insurance,Petrol,5,83000.0,Second Owner,Automatic,2015,18.0,1497.0,1497.0,1173.0,6.25,-0.04580783933365377
43,2011 Maruti Wagon R LXI BSIII,Aug-11,Comprehensive,Petrol,5,40191.0,Second Owner,Manual,2011,998.0,671.0,671.0,90.0,2.12,-0.04699996397980515
44,2015 Audi A6 35 TDI,Dec-15,Comprehensive,Diesel,5,62152.0,First Owner,Automatic,2015,18.53,1968.0,1968.0,18774.0,20.0,-0.04183890134707228
45,2017 Hyundai Creta 1.6 VTVT S,Aug-17,Third Party insurance,Petrol,5,49000.0,First Owner,Manual,2017,15.29,1591.0,1591.0,1213.0,8.35,-0.045201674259339505
46,2017 Maruti Baleno 1.2 Delta,Aug-17,Comprehensive,Petrol,5,56215.0,First Owner,Manual,2017,21.4,1197.0,1197.0,831.0,5.03,-0.04615999237682682
47,2018 Toyota Yaris J,Sep-18,Comprehensive,Petrol,5,53000.0,First Owner,Manual,2018,17.1,1496.0,1496.0,10594.0,6.95,-0.045605784308882354
48,2015 Toyota Fortuner 4x2 AT,Sep-15,Comprehensive,Diesel,7,100000.0,First Owner,Automatic,2015,12.55,2982.0,2982.0,1685.0,16.0,-0.042993501488623256
49,2020 Hyundai Creta SX Turbo BSVI,Aug-20,Comprehensive,Petrol,5,36346.0,First Owner,Automatic,2020,16.8,1353.0,1353.0,13808.0,15.22,-0.0432186485162257
50,2018 Jaguar XE 2.0L Diesel Portfolio,Jul-18,Comprehensive,Diesel,5,48000.0,First Owner,Automatic,2018,13.5,1999.0,1999.0,177.0,26.95,-0.03983278360112746
51,2019 Hyundai i20 Sportz Plus BSIV,Nov-19,Comprehensive,Petrol,5,42098.0,First Owner,Manual,2019,18.6,1197.0,1197.0,8186.0,6.7,-0.045677946817729284
52,2018 Jeep Compass 2.0 Longitude Option BSIV,2018,Third Party insurance,Diesel,5,40000.0,First Owner,Manual,2018,17.1,1956.0,1956.0,170.0,10.75,-0.044508914174408915
53,2019 BMW X1 sDrive 20d xLine,Oct-19,Comprehensive,Diesel,5,64000.0,First Owner,Automatic,2019,20.68,1995.0,1995.0,188.0,25.5,-0.04025132615243968
54,2022 Maruti Swift ZXI Plus DT AMT BSVI,Dec-22,Comprehensive,Petrol,5,13158.0,First Owner,Automatic,2022,22.56,1197.0,1197.0,8850.0,8.38,-0.045193014758277875
55,2018 Hyundai Creta 1.6 SX Automatic Diesel,Jun-18,Third Party insurance,Diesel,5,65400.0,First Owner,Automatic,2018,17.6,1582.0,1582.0,1262.0,10.9,-0.04446561666910075
56,2017 Honda Amaze S i-VTEC,2017,Third Party insurance,Petrol,5,100000.0,First Owner,Manual,2017,17.8,1198.0,1198.0,867.0,3.95,-0.04647173441504558
57,2022 Tata Tiago XZ Plus CNG BSVI,Aug-22,Comprehensive,CNG,5,30000.0,First Owner,Manual,2022,26.49,1199.0,1199.0,72.0,7.25,-0.045519189298266025
58,2017 Honda Jazz 1.5 E i DTEC,Jun-17,Comprehensive,Diesel,5,62000.0,First Owner,Manual,2017,1498.0,986.0,986.0,200.0,4.75,-0.046240814386735385
59,2010 Volkswagen Beetle 2.0,May-10,Comprehensive,Petrol,4,40000.0,First Owner,Automatic,2010,10.98,1984.0,1984.0,1144.0,11.95,-0.044162534131943626
60,2023 Honda City ZX CVT,Mar-23,Comprehensive,Petrol,5,10280.0,First Owner,Automatic,2023,18.4,1498.0,1498.0,11935.0,16.0,-0.042993501488623256
61,2015 Maruti Baleno 1.2 Alpha,Nov-15,Comprehensive,Petrol,5,17282.0,First Owner,Manual,2015,21.4,1197.0,1197.0,831.0,5.45,-0.046038759361963964
62,2019 Honda CR-V 2.0 CVT,Aug-19,Third Party insurance,Petrol,5,30500.0,First Owner,Automatic,2019,14.4,1997.0,1997.0,15189.0,22.95,-0.040987383742678435
63,2020 Kia Seltos HTX Plus Diesel,Sep-20,Comprehensive,Diesel,5,60755.0,First Owner,Manual,2020,20.8,1493.0,1493.0,11343.0,13.51,-0.04371224007673875
64,2021 Mercedes-Benz C-Class Progressive C 200,Jul-21,Comprehensive,Petrol,5,25000.0,Second Owner,Automatic,2021,11.9,1950.0,1950.0,20115.0,40.75,-0.035849413112776576
65,2018 Mahindra Scorpio S11,Aug-18,Comprehensive,Diesel,7,47000.0,First Owner,Manual,2018,15.4,2179.0,2179.0,13678.0,14.5,-0.043426476541704874
66,2020 Kia Seltos GTX DCT,Jun-20,Comprehensive,Petrol,5,59316.0,First Owner,Automatic,2020,16.2,1353.0,1353.0,138.0,13.99,-0.04357368805975262
67,2021 Toyota Yaris J BSIV,Apr-21,Comprehensive,Petrol,5,48000.0,Third Owner,Manual,2021,17.1,1496.0,1496.0,1055.0,6.95,-0.045605784308882354
68,2023 BMW 5 Series 530i M Sport BSVI,Nov-23,Zero Dep,Petrol,5,20000.0,First Owner,Automatic,2023,14.82,1998.0,1998.0,24808.0,65.0,-0.028849649754623768
69,2020 Renault KWID Climber 1.0 AMT Opt,Dec-20,Third Party insurance,Petrol,5,12503.0,First Owner,Automatic,2020,22.0,999.0,999.0,67.0,5.15,-0.046125354372580286
70,2021 Jeep Compass 1.4 Sport BSVI,Jun-21,Comprehensive,Petrol,5,10000.0,First Owner,Manual,2021,14.3,1368.0,1368.0,16077.0,15.95,-0.04300793399039265
71,2011 Maruti Swift 1.2 VXi BSII,May-11,Comprehensive,Petrol,5,73717.0,Second Owner,Manual,2011,16.1,1197.0,1197.0,85.0,2.41,-0.04691625546954271
72,2016 Mercedes-Benz GL-Class 350 CDI Blue Efficiency,2016,Third Party insurance,Diesel,7,90000.0,Second Owner,Automatic,2016,11.3,2987.0,2987.0,2548.0,32.5,-0.03823077590472547
73,2017 Honda Jazz V CVT,Oct-17,Comprehensive,Petrol,5,17000.0,First Owner,Automatic,2017,17.1,1199.0,1199.0,8850.0,5.95,-0.045894434344270096
74,2014 Hyundai Grand i10 AT Asta,Nov-14,Comprehensive,Petrol,5,36047.0,First Owner,Automatic,2014,18.9,1197.0,1197.0,82.0,4.32,-0.04636493390195212
75,2018 Maruti Wagon R CNG LXI,Feb-18,Comprehensive,CNG,5,45000.0,First Owner,Manual,2018,998.0,5833.0,5833.0,78.0,4.45,-0.046327409397351714
76,2009 Maruti Swift Dzire VDi,2009,Third Party insurance,Diesel,5,100000.0,First Owner,Manual,2009,19.3,1248.0,1248.0,739.0,2.0,-0.04703460198405168
77,2016 Hyundai i10 Sportz,Jul-16,Comprehensive,Petrol,5,50000.0,Second Owner,Manual,2016,20.36,1197.0,1197.0,789.0,3.45,-0.04661605943273946
78,2018 Maruti Swift VXI,Aug-18,Comprehensive,Petrol,5,51000.0,First Owner,Manual,2018,22.0,1197.0,1197.0,8180.0,5.5,-0.04602432686019458
79,2018 Mahindra XUV500 W5,Jul-18,Third Party,Diesel,7,62000.0,Second Owner,Manual,2018,2179.0,15287.0,15287.0,360.0,8.5,-0.045158376754031344
80,2023 Honda City ZX CVT,Mar-23,Comprehensive,Petrol,5,10280.0,First Owner,Automatic,2023,18.4,1498.0,1498.0,11935.0,16.0,-0.042993501488623256
81,2015 Maruti Baleno 1.2 Alpha,Nov-15,Comprehensive,Petrol,5,17282.0,First Owner,Manual,2015,21.4,1197.0,1197.0,831.0,5.45,-0.046038759361963964
82,2019 Honda CR-V 2.0 CVT,Aug-19,Third Party insurance,Petrol,5,30500.0,First Owner,Automatic,2019,14.4,1997.0,1997.0,15189.0,22.95,-0.040987383742678435
83,2020 Kia Seltos HTX Plus Diesel,Sep-20,Comprehensive,Diesel,5,60755.0,First Owner,Manual,2020,20.8,1493.0,1493.0,11343.0,13.51,-0.04371224007673875
84,2021 Mercedes-Benz C-Class Progressive C 200,Jul-21,Comprehensive,Petrol,5,25000.0,Second Owner,Automatic,2021,11.9,1950.0,1950.0,20115.0,40.75,-0.035849413112776576
85,2018 Mahindra Scorpio S11,Aug-18,Comprehensive,Diesel,7,47000.0,First Owner,Manual,2018,15.4,2179.0,2179.0,13678.0,14.5,-0.043426476541704874
86,2020 Kia Seltos GTX DCT,Jun-20,Comprehensive,Petrol,5,59316.0,First Owner,Automatic,2020,16.2,1353.0,1353.0,138.0,13.99,-0.04357368805975262
87,2021 Toyota Yaris J BSIV,Apr-21,Comprehensive,Petrol,5,48000.0,Third Owner,Manual,2021,17.1,1496.0,1496.0,1055.0,6.95,-0.045605784308882354
88,2023 BMW 5 Series 530i M Sport BSVI,Nov-23,Zero Dep,Petrol,5,20000.0,First Owner,Automatic,2023,14.82,1998.0,1998.0,24808.0,65.0,-0.028849649754623768
89,2020 Renault KWID Climber 1.0 AMT Opt,Dec-20,Third Party insurance,Petrol,5,12503.0,First Owner,Automatic,2020,22.0,999.0,999.0,67.0,5.15,-0.046125354372580286
90,2021 Jeep Compass 1.4 Sport BSVI,Jun-21,Comprehensive,Petrol,5,10000.0,First Owner,Manual,2021,14.3,1368.0,1368.0,16077.0,15.95,-0.04300793399039265
91,2011 Maruti Swift 1.2 VXi BSII,May-11,Comprehensive,Petrol,5,73717.0,Second Owner,Manual,2011,16.1,1197.0,1197.0,85.0,2.41,-0.04691625546954271
92,2016 Mercedes-Benz GL-Class 350 CDI Blue Efficiency,2016,Third Party insurance,Diesel,7,90000.0,Second Owner,Automatic,2016,11.3,2987.0,2987.0,2548.0,32.5,-0.03823077590472547
93,2017 Honda Jazz V CVT,Oct-17,Comprehensive,Petrol,5,17000.0,First Owner,Automatic,2017,17.1,1199.0,1199.0,8850.0,5.95,-0.045894434344270096
94,2014 Hyundai Grand i10 AT Asta,Nov-14,Comprehensive,Petrol,5,36047.0,First Owner,Automatic,2014,18.9,1197.0,1197.0,82.0,4.32,-0.04636493390195212
95,2018 Maruti Wagon R CNG LXI,Feb-18,Comprehensive,CNG,5,45000.0,First Owner,Manual,2018,998.0,5833.0,5833.0,78.0,4.45,-0.046327409397351714
96,2009 Maruti Swift Dzire VDi,2009,Third Party insurance,Diesel,5,100000.0,First Owner,Manual,2009,19.3,1248.0,1248.0,739.0,2.0,-0.04703460198405168
97,2016 Hyundai i10 Sportz,Jul-16,Comprehensive,Petrol,5,50000.0,Second Owner,Manual,2016,20.36,1197.0,1197.0,789.0,3.45,-0.04661605943273946
98,2018 Maruti Swift VXI,Aug-18,Comprehensive,Petrol,5,51000.0,First Owner,Manual,2018,22.0,1197.0,1197.0,8180.0,5.5,-0.04602432686019458
99,2018 Mahindra XUV500 W5,Jul-18,Third Party,Diesel,7,62000.0,Second Owner,Manual,2018,2179.0,15287.0,15287.0,360.0,8.5,-0.045158376754031344
100,2017 Toyota Camry 2.5 Hybrid,Jul-17,Third Party insurance,Petrol,5,45000.0,First Owner,Automatic,2017,19.16,2494.0,2494.0,1577.0,22.5,-0.04111727625860292
101,2021 Hyundai i20 Asta Opt Turbo DCT BSVI,Aug-21,Comprehensive,Petrol,5,17041.0,First Owner,Automatic,2021,20.28,998.0,998.0,11841.0,10.49,-0.04458396318360973
102,2018 Mahindra XUV500 W6 1.99 mHawk,Nov-18,Comprehensive,Diesel,7,49000.0,First Owner,Manual,2018,16.0,1997.0,1997.0,140.0,9.25,-0.04494188922749053
103,2020 Hyundai Venue SX Turbo,Aug-20,Comprehensive,Petrol,5,23588.0,First Owner,Manual,2020,18.27,998.0,998.0,11835.0,9.2,-0.044956321729259924
104,2018 Mercedes-Benz CLA Urban Sport 200d,Oct-18,Comprehensive,Diesel,5,50000.0,Second Owner,Automatic,2018,17.9,2143.0,2143.0,1341.0,22.0,-0.04126160127629679
105,2017 Toyota Innova Crysta 2.8 GX AT BSIV,Mar-17,Third Party insurance,Diesel,7,76000.0,First Owner,Automatic,2017,11.36,2755.0,2755.0,1715.0,14.75,-0.04335431403285794
106,2019 Maruti Baleno Delta,May-19,Comprehensive,Petrol,5,49341.0,First Owner,Manual,2019,21.01,1197.0,1197.0,8180.0,5.76,-0.045949277850993765
107,2013 Honda Amaze VX i-Vtech,May-13,Comprehensive,Petrol,5,56000.0,First Owner,Manual,2013,18.0,1198.0,1198.0,867.0,3.25,-0.046673789439817
108,2023 MG Hector Plus 1.5 Turbo Sharp Pro CVT BSVI,May-23,Comprehensive,Petrol,6,12000.0,First Owner,Automatic,2023,12.34,1451.0,1451.0,141.0,21.0,-0.041550251311684536
109,2014 Honda City i VTEC V,Jul-14,Comprehensive,Petrol,5,51734.0,First Owner,Manual,2014,17.8,1497.0,1497.0,1173.0,5.72,-0.04596082385240927
110,2018 Maruti Swift VXI,Jun-18,Third Party insurance,Petrol,5,22000.0,First Owner,Manual,2018,22.0,1197.0,1197.0,8180.0,5.75,-0.04595216435134764
111,2018 Hyundai Creta 1.6 SX Diesel,Aug-18,Comprehensive,Diesel,5,45084.0,First Owner,Manual,2018,20.5,1582.0,1582.0,1262.0,9.22,-0.04495054872855217
112,2015 Mahindra Scorpio S10 AT 4WD,2015,Third Party insurance,Diesel,7,20000.0,First Owner,Automatic,2015,15.4,2179.0,2179.0,120.0,11.0,-0.044436751665561984
113,2016 Honda Amaze S i-VTEC,Sep-16,Comprehensive,Petrol,5,29000.0,First Owner,Manual,2016,17.8,1198.0,1198.0,867.0,4.8,-0.04622638188496599
114,2021 Hyundai Venue SX Turbo,Jan-22,Comprehensive,Petrol,5,16763.0,First Owner,Manual,2021,18.27,998.0,998.0,11835.0,9.69,-0.044814883211919926
115,2022 Tata Altroz XM plus BSVI,May-22,Third Party insurance,Petrol,5,6000.0,First Owner,Manual,2022,19.33,1199.0,1199.0,8683.0,6.95,-0.045605784308882354
116,2017 BMW 7 Series 730Ld M Sport,2017,Third Party insurance,Diesel,5,60000.0,2993 cc,2017,Power Steering,2993.0,26149.0,26149.0,620.0,55.0,-0.03173615010850121
117,2015 Mahindra XUV500 W4,Aug-15,Comprehensive,Diesel,7,86000.0,First Owner,Manual,2015,15.1,2179.0,2179.0,140.0,5.45,-0.046038759361963964
118,2018 Honda Jazz VX CVT,Jul-18,Comprehensive,Petrol,5,24000.0,First Owner,Automatic,2018,17.1,1199.0,1199.0,8850.0,6.55,-0.045721244323037445
119,2021 Hyundai Venue S,Mar-21,Comprehensive,Petrol,5,9000.0,First Owner,Manual,2021,20.36,1197.0,1197.0,8180.0,7.75,-0.04537486428057215
120,2017 Toyota Camry 2.5 Hybrid,Jul-17,Third Party insurance,Petrol,5,45000.0,First Owner,Automatic,2017,19.16,2494.0,2494.0,1577.0,22.5,-0.04111727625860292
121,2021 Hyundai i20 Asta Opt Turbo DCT BSVI,Aug-21,Comprehensive,Petrol,5,17041.0,First Owner,Automatic,2021,20.28,998.0,998.0,11841.0,10.49,-0.04458396318360973
122,2018 Mahindra XUV500 W6 1.99 mHawk,Nov-18,Comprehensive,Diesel,7,49000.0,First Owner,Manual,2018,16.0,1997.0,1997.0,140.0,9.25,-0.04494188922749053
123,2020 Hyundai Venue SX Turbo,Aug-20,Comprehensive,Petrol,5,23588.0,First Owner,Manual,2020,18.27,998.0,998.0,11835.0,9.2,-0.044956321729259924
124,2018 Mercedes-Benz CLA Urban Sport 200d,Oct-18,Comprehensive,Diesel,5,50000.0,Second Owner,Automatic,2018,17.9,2143.0,2143.0,1341.0,22.0,-0.04126160127629679
125,2017 Toyota Innova Crysta 2.8 GX AT BSIV,Mar-17,Third Party insurance,Diesel,7,76000.0,First Owner,Automatic,2017,11.36,2755.0,2755.0,1715.0,14.75,-0.04335431403285794
126,2019 Maruti Baleno Delta,May-19,Comprehensive,Petrol,5,49341.0,First Owner,Manual,2019,21.01,1197.0,1197.0,8180.0,5.76,-0.045949277850993765
127,2013 Honda Amaze VX i-Vtech,May-13,Comprehensive,Petrol,5,56000.0,First Owner,Manual,2013,18.0,1198.0,1198.0,867.0,3.25,-0.046673789439817
128,2023 MG Hector Plus 1.5 Turbo Sharp Pro CVT BSVI,May-23,Comprehensive,Petrol,6,12000.0,First Owner,Automatic,2023,12.34,1451.0,1451.0,141.0,21.0,-0.041550251311684536
129,2014 Honda City i VTEC V,Jul-14,Comprehensive,Petrol,5,51734.0,First Owner,Manual,2014,17.8,1497.0,1497.0,1173.0,5.72,-0.04596082385240927
130,2018 Maruti Swift VXI,Jun-18,Third Party insurance,Petrol,5,22000.0,First Owner,Manual,2018,22.0,1197.0,1197.0,8180.0,5.75,-0.04595216435134764
131,2018 Hyundai Creta 1.6 SX Diesel,Aug-18,Comprehensive,Diesel,5,45084.0,First Owner,Manual,2018,20.5,1582.0,1582.0,1262.0,9.22,-0.04495054872855217
132,2015 Mahindra Scorpio S10 AT 4WD,2015,Third Party insurance,Diesel,7,20000.0,First Owner,Automatic,2015,15.4,2179.0,2179.0,120.0,11.0,-0.044436751665561984
133,2016 Honda Amaze S i-VTEC,Sep-16,Comprehensive,Petrol,5,29000.0,First Owner,Manual,2016,17.8,1198.0,1198.0,867.0,4.8,-0.04622638188496599
134,2021 Hyundai Venue SX Turbo,Jan-22,Comprehensive,Petrol,5,16763.0,First Owner,Manual,2021,18.27,998.0,998.0,11835.0,9.69,-0.044814883211919926
135,2022 Tata Altroz XM plus BSVI,May-22,Third Party insurance,Petrol,5,6000.0,First Owner,Manual,2022,19.33,1199.0,1199.0,8683.0,6.95,-0.045605784308882354
136,2017 BMW 7 Series 730Ld M Sport,2017,Third Party insurance,Diesel,5,60000.0,2993 cc,2017,Power Steering,2993.0,26149.0,26149.0,620.0,55.0,-0.03173615010850121
137,2015 Mahindra XUV500 W4,Aug-15,Comprehensive,Diesel,7,86000.0,First Owner,Manual,2015,15.1,2179.0,2179.0,140.0,5.45,-0.046038759361963964
138,2018 Honda Jazz VX CVT,Jul-18,Comprehensive,Petrol,5,24000.0,First Owner,Automatic,2018,17.1,1199.0,1199.0,8850.0,6.55,-0.045721244323037445
139,2021 Hyundai Venue S,Mar-21,Comprehensive,Petrol,5,9000.0,First Owner,Manual,2021,20.36,1197.0,1197.0,8180.0,7.75,-0.04537486428057215
140,2022 Kia Carens Prestige Plus Turbo DCT 2022-2023,Mar-22,Comprehensive,Petrol,7,14900.0,First Owner,Automatic,2022,16.5,1353.0,1353.0,13805.0,16.5,-0.04284917647092939
141,2022 Hyundai i20 N-Line N8 DCT BSVI,Feb-22,Comprehensive,Petrol,5,17172.0,Second Owner,Automatic,2022,20.25,998.0,998.0,11841.0,10.33,-0.04463014718927177
142,2020 Mercedes-Benz GLE 300d BSVI,Oct-20,Zero Dep,Diesel,5,33000.0,First Owner,Automatic,2020,1950.0,24138.0,24138.0,500.0,78.0,-0.025097199294583088
143,2016 Renault KWID RXT,Apr-16,Third Party insurance,Petrol,5,38000.0,Second Owner,Manual,2016,25.17,799.0,799.0,533.0,1.85,-0.047077899489359844
144,2022 Tata Altroz XZ Plus BSVI,Sep-23,Comprehensive,Petrol,5,11501.0,First Owner,Manual,2022,19.33,1199.0,1199.0,8683.0,8.24,-0.04523342576323215
145,2022 Mercedes-Benz GLE 300d BSVI,May-22,Zero Dep,Diesel,5,43703.0,First Owner,Automatic,2022,1950.0,24138.0,24138.0,500.0,82.9,-0.023682814121183136
146,2021 Toyota Fortuner Legender 4x2 AT,Dec-21,Comprehensive,Diesel,7,29800.0,First Owner,Automatic,2021,2755.0,20115.0,20115.0,500.0,44.0,-0.034911300497766404
147,2020 Maruti Baleno Zeta,Oct-20,Comprehensive,Petrol,5,22051.0,First Owner,Manual,2020,21.01,1197.0,1197.0,8180.0,6.98,-0.045597124807820716
148,2021 Maruti Baleno Sigma,Nov-21,Comprehensive,Petrol,5,32965.0,First Owner,Manual,2021,1197.0,8180.0,8180.0,113.0,5.75,-0.04595216435134764
149,2014 Hyundai i10 Magna 1.1L,Dec-14,Comprehensive,Petrol,5,96593.0,First Owner,Manual,2014,1086.0,6805.0,6805.0,9904.0,2.73,-0.04682388745821863
150,2017 Hyundai Verna 1.6 VTVT SX Option,2017,Third Party insurance,Petrol,5,50000.0,First Owner,Manual,2017,17.01,1591.0,1591.0,1213.0,6.75,-0.0456635143159599
151,2022 BMW 2 Series 220i M Sport Pro BSVI,Mar-22,Comprehensive,Petrol,5,15000.0,First Owner,Automatic,2022,14.82,1998.0,1998.0,18908.0,42.0,-0.035488600568541896
152,2020 Tata Tiago XZ Plus Dual Tone Roof BSVI,Dec-20,Comprehensive,Petrol,5,27138.0,First Owner,Manual,2020,19.01,1199.0,1199.0,8482.0,5.92,-0.04590309384533173
153,2022 Maruti Baleno 1.2 Delta,Jul-22,Comprehensive,Petrol,5,15000.0,First Owner,Manual,2022,21.4,1197.0,1197.0,831.0,7.25,-0.045519189298266025
154,2018 Mercedes-Benz CLS-Class 250 CDI,2018,Third Party insurance,Diesel,4,10000.0,First Owner,Automatic,2018,19.4,2143.0,2143.0,204.0,38.0,-0.036643200710092874
155,2023 Mahindra Scorpio N Z8L AT BSVI,Jun-23,Comprehensive,Petrol,7,9000.0,First Owner,Automatic,2023,1997.0,200.0,200.0,380.0,23.45,-0.04084305872498456
156,2021 Kia Sonet HTX Plus Turbo iMT BSVI,Nov-21,Comprehensive,Petrol,5,10000.0,First Owner,Manual,2021,18.2,998.0,998.0,11836.0,10.2,-0.04466767169387218
157,2020 Kia Seltos GTX Plus Diesel AT,Nov-20,Comprehensive,Diesel,5,70000.0,First Owner,Automatic,2020,18.0,1493.0,1493.0,11343.0,14.95,-0.04329658402578039
158,2020 Mercedes-Benz C-Class Progressive C 220d,Jun-20,Comprehensive,Diesel,5,30000.0,First Owner,Automatic,2020,12.6,1950.0,1950.0,194.0,37.5,-0.03678752572778675
159,2021 Hyundai i20 N-Line N8 DCT BSVI,Feb-22,Comprehensive,Petrol,5,16684.0,First Owner,Automatic,2021,20.25,998.0,998.0,11841.0,11.11,-0.044405000161669324
160,2019 Mercedes-Benz AMG C43 4MATIC Coupe,Jul-19,Comprehensive,Petrol,5,30000.0,First Owner,Automatic,2019,2996.0,38487.0,38487.0,520.0,67.0,-0.02827234968384828
161,2012 Maruti Swift LXI BSIV,Dec-12,Comprehensive,Petrol,5,92543.0,First Owner,Manual,2012,1197.0,8180.0,8180.0,113.0,2.74,-0.04682100095786475
162,2021 Mahindra XUV700 AX7 AT Luxury Pack BSVI,Nov-21,Comprehensive,Petrol,7,25000.0,First Owner,Automatic,2021,1999.0,19713.0,19713.0,380.0,24.75,-0.04046781367898049
163,2016 Ford Ecosport 1.5 Diesel Titanium Plus,Dec-16,Comprehensive,Diesel,5,59870.0,First Owner,Manual,2016,21.7,1498.0,1498.0,9896.0,4.95,-0.04618308437965784
164,2016 Hyundai i20 Sportz 1.2,Jun-16,Comprehensive,Petrol,5,62700.0,First Owner,Manual,2016,18.6,1197.0,1197.0,8183.0,5.22,-0.04610514887010315
165,2019 Kia Seltos HTX Plus AT D,Sep-19,Third Party insurance,Diesel,5,42132.0,First Owner,Automatic,2019,17.8,1493.0,1493.0,1134.0,14.75,-0.04335431403285794
166,2018 Mercedes-Benz CLA 200 CGI Sport,Jul-18,Third Party insurance,Petrol,5,32000.0,First Owner,Automatic,2018,15.04,1991.0,1991.0,183.0,25.75,-0.040179163643592745
167,2010 Maruti A-Star Zxi,Jun-10,Comprehensive,Petrol,5,58873.0,First Owner,Manual,2010,19.0,998.0,998.0,661.0,1.82,-0.04708655899042148
168,2018 Renault Duster Petrol RXS CVT,Nov-18,Comprehensive,Petrol,5,10000.0,First Owner,Automatic,2018,14.99,1498.0,1498.0,1045.0,7.95,-0.045317134273494604
169,2022 Tata Altroz XZ Plus BSVI,Sep-23,Comprehensive,Petrol,5,14069.0,First Owner,Manual,2022,19.33,1199.0,1199.0,8683.0,8.24,-0.04523342576323215
170,2014 Nissan Terrano XV 110 PS Limited Edition,2014,Third Party insurance,Diesel,5,100000.0,1461 cc,2014,Power Steering,1461.0,1085.0,1085.0,248.0,6.0,-0.045880001842500705
171,2014 Renault Duster RXL AWD,Oct-14,Third Party insurance,Diesel,5,80000.0,First Owner,Manual,2014,19.01,1461.0,1461.0,10845.0,2.85,-0.0467892494539721
172,2016 Honda City i VTEC V,Mar-16,Comprehensive,Petrol,5,57453.0,First Owner,Manual,2016,17.8,1497.0,1497.0,1173.0,6.24,-0.045810725834007644
173,2011 Ford Figo Petrol EXI,Jun-11,Comprehensive,Petrol,5,66717.0,Second Owner,Manual,2011,1196.0,70.0,70.0,102.0,70000.0,20.157890575087304
174,2016 Mercedes-Benz GLS 350d 4MATIC,2016,Third Party insurance,Diesel,7,40000.0,Second Owner,Automatic,2016,11.0,2987.0,2987.0,258.0,43.33,-0.035104696021476194
175,2022 Volvo XC40 T4 R-Design,Jan-22,Zero Dep,Petrol,5,16433.0,First Owner,Automatic,2022,1969.0,18740.0,18740.0,300.0,43.75,-0.03498346300661334
176,2018 BMW X1 sDrive20i xLine,Dec-18,Third Party insurance,Petrol,5,17860.0,First Owner,Automatic,2018,15.71,1998.0,1998.0,189.0,29.9,-0.038981265996733606
177,2020 Toyota Innova Crysta 2.8 ZX AT BSIV,Feb-20,Comprehensive,Diesel,7,52000.0,First Owner,Automatic,2020,11.36,2755.0,2755.0,1715.0,22.5,-0.04111727625860292
178,2020 Mercedes-Benz C-Class Progressive C 220d,Jun-20,Comprehensive,Diesel,5,30000.0,First Owner,Automatic,2020,12.6,1950.0,1950.0,194.0,37.5,-0.03678752572778675
179,2021 Hyundai i20 N-Line N8 DCT BSVI,Feb-22,Comprehensive,Petrol,5,16684.0,First Owner,Automatic,2021,20.25,998.0,998.0,11841.0,11.11,-0.044405000161669324
180,2019 Mercedes-Benz AMG C43 4MATIC Coupe,Jul-19,Comprehensive,Petrol,5,30000.0,First Owner,Automatic,2019,2996.0,38487.0,38487.0,520.0,67.0,-0.02827234968384828
181,2012 Maruti Swift LXI BSIV,Dec-12,Comprehensive,Petrol,5,92543.0,First Owner,Manual,2012,1197.0,8180.0,8180.0,113.0,2.74,-0.04682100095786475
182,2021 Mahindra XUV700 AX7 AT Luxury Pack BSVI,Nov-21,Comprehensive,Petrol,7,25000.0,First Owner,Automatic,2021,1999.0,19713.0,19713.0,380.0,24.75,-0.04046781367898049
183,2016 Ford Ecosport 1.5 Diesel Titanium Plus,Dec-16,Comprehensive,Diesel,5,59870.0,First Owner,Manual,2016,21.7,1498.0,1498.0,9896.0,4.95,-0.04618308437965784
184,2016 Hyundai i20 Sportz 1.2,Jun-16,Comprehensive,Petrol,5,62700.0,First Owner,Manual,2016,18.6,1197.0,1197.0,8183.0,5.22,-0.04610514887010315
185,2019 Kia Seltos HTX Plus AT D,Sep-19,Third Party insurance,Diesel,5,42132.0,First Owner,Automatic,2019,17.8,1493.0,1493.0,1134.0,14.75,-0.04335431403285794
186,2018 Mercedes-Benz CLA 200 CGI Sport,Jul-18,Third Party insurance,Petrol,5,32000.0,First Owner,Automatic,2018,15.04,1991.0,1991.0,183.0,25.75,-0.040179163643592745
187,2010 Maruti A-Star Zxi,Jun-10,Comprehensive,Petrol,5,58873.0,First Owner,Manual,2010,19.0,998.0,998.0,661.0,1.82,-0.04708655899042148
188,2018 Renault Duster Petrol RXS CVT,Nov-18,Comprehensive,Petrol,5,10000.0,First Owner,Automatic,2018,14.99,1498.0,1498.0,1045.0,7.95,-0.045317134273494604
189,2022 Tata Altroz XZ Plus BSVI,Sep-23,Comprehensive,Petrol,5,14069.0,First Owner,Manual,2022,19.33,1199.0,1199.0,8683.0,8.24,-0.04523342576323215
190,2014 Nissan Terrano XV 110 PS Limited Edition,2014,Third Party insurance,Diesel,5,100000.0,1461 cc,2014,Power Steering,1461.0,1085.0,1085.0,248.0,6.0,-0.045880001842500705
191,2014 Renault Duster RXL AWD,Oct-14,Third Party insurance,Diesel,5,80000.0,First Owner,Manual,2014,19.01,1461.0,1461.0,10845.0,2.85,-0.0467892494539721
192,2016 Honda City i VTEC V,Mar-16,Comprehensive,Petrol,5,57453.0,First Owner,Manual,2016,17.8,1497.0,1497.0,1173.0,6.24,-0.045810725834007644
193,2011 Ford Figo Petrol EXI,Jun-11,Comprehensive,Petrol,5,66717.0,Second Owner,Manual,2011,1196.0,70.0,70.0,102.0,70000.0,20.157890575087304
194,2016 Mercedes-Benz GLS 350d 4MATIC,2016,Third Party insurance,Diesel,7,40000.0,Second Owner,Automatic,2016,11.0,2987.0,2987.0,258.0,43.33,-0.035104696021476194
195,2022 Volvo XC40 T4 R-Design,Jan-22,Zero Dep,Petrol,5,16433.0,First Owner,Automatic,2022,1969.0,18740.0,18740.0,300.0,43.75,-0.03498346300661334
196,2018 BMW X1 sDrive20i xLine,Dec-18,Third Party insurance,Petrol,5,17860.0,First Owner,Automatic,2018,15.71,1998.0,1998.0,189.0,29.9,-0.038981265996733606
197,2020 Toyota Innova Crysta 2.8 ZX AT BSIV,Feb-20,Comprehensive,Diesel,7,52000.0,First Owner,Automatic,2020,11.36,2755.0,2755.0,1715.0,22.5,-0.04111727625860292
198,2019 Mercedes-Benz S-Class S 350 d,Apr-20,Comprehensive,Diesel,5,27200.0,First Owner,Automatic,2019,13.5,2925.0,2925.0,28161.0,77.0,-0.02538584932997083
199,2014 Hyundai Grand i10 Asta Option,Dec-14,Comprehensive,Petrol,5,25260.0,First Owner,Manual,2014,18.9,1197.0,1197.0,82.0,4.37,-0.04635050140018273
200,2019 BMW 5 Series 520d Luxury Line,Mar-20,Zero Dep,Diesel,5,21421.0,Second Owner,Automatic,2019,20.37,1995.0,1995.0,18774.0,45.9,-0.03436286543052969
201,2015 Hyundai i10 Sportz,Apr-15,Comprehensive,Petrol,5,70215.0,First Owner,Manual,2015,20.36,1197.0,1197.0,789.0,3.08,-0.04672285994583292
202,2022 Hyundai Alcazar Platinum (O) Diesel AT,Feb-22,Comprehensive,Diesel,6,32900.0,First Owner,Automatic,2022,23.8,1493.0,1493.0,11398.0,20.0,-0.04183890134707228
203,2021 Mercedes-Benz C-Class Progressive C 200,Aug-21,Third Party insurance,Petrol,5,40045.0,First Owner,Automatic,2021,11.9,1950.0,1950.0,20115.0,43.9,-0.03494016550130518
204,2010 Maruti A-Star Vxi,Jan-11,Comprehensive,Petrol,5,75000.0,First Owner,Manual,2010,19.0,998.0,998.0,661.0,1.68,-0.04712696999537576
205,2019 Mercedes-Benz C-Class Progressive C 200,Aug-21,Third Party insurance,Petrol,5,32325.0,First Owner,Automatic,2019,11.9,1950.0,1950.0,20115.0,44.9,-0.03465151546591744
206,2021 MG Gloster Savvy 6-Str,Nov-21,Third Party insurance,Diesel,6,68000.0,First Owner,Automatic,2021,12.4,1996.0,1996.0,21501.0,33.0,-0.038086450887031595
207,2015 Hyundai Grand i10 Nios AMT Asta,Oct-15,Comprehensive,Petrol,5,78501.0,First Owner,Automatic,2015,20.7,1197.0,1197.0,8186.0,3.94,-0.04647462091539946
208,2018 Land Rover Discovery Sport Petrol SE 7S,Jan-19,Zero Dep,Petrol,7,46853.0,First Owner,Automatic,2018,12.83,1997.0,1997.0,23736.0,45.9,-0.03436286543052969
209,2021 Maruti Baleno Zeta,Jun-21,Comprehensive,Petrol,5,27114.0,First Owner,Manual,2021,21.01,1197.0,1197.0,8180.0,7.18,-0.04553939480074316
210,2023 Hyundai i20 N-Line N8 DCT BSVI,2023,Third Party insurance,Petrol,5,10000.0,998 cc,2023,Power Steering,998.0,11841.0,11841.0,172.0,11.7,-0.04423469664079056
211,2017 Hyundai Creta 1.6 VTVT AT SX Plus,Mar-17,Third Party insurance,Petrol,5,88000.0,First Owner,Automatic,2017,13.0,1591.0,1591.0,1213.0,8.65,-0.045115079248723176
212,2013 Maruti Swift Dzire VXI,Jul-13,Comprehensive,Petrol,5,58382.0,First Owner,Manual,2013,19.1,1197.0,1197.0,858.0,3.54,-0.04659008092955456
213,2017 BMW X1 sDrive20d Expedition,2017,Third Party insurance,Diesel,5,30000.0,1995 cc,2017,Power Steering,1995.0,188.0,188.0,400.0,19.5,-0.04198322636476615
214,2015 Skoda Rapid 1.6 MPI Ambition Plus,2015,Third Party insurance,Petrol,5,80000.0,Second Owner,Manual,2015,15.0,1598.0,1598.0,1036.0,3.3,-0.04665935693804761
215,2020 Mercedes-Benz C-Class Progressive C 200,Aug-20,Zero Dep,Petrol,5,32628.0,First Owner,Automatic,2020,11.9,1950.0,1950.0,20115.0,41.9,-0.035517465572080666
216,2021 MG Gloster Savvy 6-Str,May-21,Comprehensive,Diesel,6,35000.0,First Owner,Automatic,2021,12.4,1996.0,1996.0,21501.0,36.0,-0.03722050078086837
217,2014 Hyundai Grand i10 Magna,Dec-14,Comprehensive,Petrol,5,67264.0,Second Owner,Manual,2014,1197.0,82.0,82.0,114.0,3.27,-0.04666801643910924
218,2019 Mercedes-Benz V-Class 2019-2022 Exclusive,Mar-19,Zero Dep,Diesel,6,17000.0,First Owner,Automatic,2019,16.0,1950.0,1950.0,16092.0,65.0,-0.028849649754623768
219,2013 Maruti Wagon R LXI CNG,Aug-13,Comprehensive,CNG,5,77584.0,Second Owner,Manual,2013,26.6,998.0,998.0,5816.0,2.8,-0.046803681955741486
220,2016 Mercedes-Benz S-Class Maybach S500,Sep-16,Comprehensive,Petrol,4,50000.0,First Owner,Automatic,2016,7.81,4663.0,4663.0,459.0,98.5,-0.01917987356913432
221,2017 Mahindra Scorpio S6 Plus 7 Seater,2017,Third Party insurance,Diesel,7,70000.0,First Owner,Manual,2017,15.4,2179.0,2179.0,120.0,9.0,-0.04501405173633747
222,2013 Maruti Swift LXI BSIV,Oct-13,Comprehensive,Petrol,5,71977.0,Second Owner,Manual,2013,1197.0,8180.0,8180.0,113.0,2.94,-0.0467632709507872
223,2017 Maruti Ignis 1.2 Zeta BSIV,Nov-17,Comprehensive,Petrol,5,52690.0,Second Owner,Manual,2017,20.89,1197.0,1197.0,8180.0,4.2,-0.04639957190619865
224,2022 Hyundai Creta SX Opt IVT,Aug-22,Comprehensive,Petrol,5,11900.0,First Owner,Automatic,2022,14.0,1497.0,1497.0,11318.0,18.25,-0.04234403890900083
225,2017 Hyundai i20 Sportz 1.2,May-17,Comprehensive,Petrol,5,53747.0,First Owner,Manual,2017,18.6,1197.0,1197.0,8183.0,5.77,-0.04594639135063988
226,2019 BMW X3 xDrive 20d Luxury Line,Jan-20,Zero Dep,Diesel,5,32321.0,First Owner,Automatic,2019,16.55,1995.0,1995.0,1877.0,49.9,-0.03320826528897871
227,2015 Honda Brio S MT,May-15,Comprehensive,Petrol,5,55485.0,First Owner,Manual,2015,19.4,1198.0,1198.0,868.0,3.35,-0.04664492443627823
228,2020 MG Hector Plus Smart DCT,2020,Third Party insurance,Petrol,6,20000.0,1451 cc,2020,Power Windows Front,1451.0,141.0,141.0,250.0,17.5,-0.04256052643554164
229,2018 Land Rover Range Rover Velar P250 R-Dynamic SE,Nov-18,Third Party insurance,Petrol,5,54000.0,Second Owner,Automatic,2018,15.8,1997.0,1997.0,247.0,59.75,-0.030365062440409426
230,2017 Maruti Baleno 1.2 Zeta,Sep-17,Comprehensive,Petrol,5,49404.0,First Owner,Manual,2017,21.4,1197.0,1197.0,831.0,5.44,-0.04604164586231784
231,2017 BMW X1 sDrive20d Expedition,2017,Third Party insurance,Diesel,5,32000.0,1995 cc,2017,Power Steering,1995.0,188.0,188.0,400.0,18.2,-0.042358471410770225
232,2018 Ford Endeavour 3.2 Titanium AT 4X4,2018,Third Party insurance,Diesel,7,100000.0,First Owner,Automatic,2018,10.91,3198.0,3198.0,197.0,22.5,-0.04111727625860292
233,2017 BMW X1 sDrive20d Expedition,2017,Third Party insurance,Diesel,5,32000.0,1995 cc,2017,Power Steering,1995.0,188.0,188.0,400.0,18.2,-0.042358471410770225
234,2017 BMW X1 sDrive20d Expedition,2017,Third Party insurance,Diesel,5,32000.0,1995 cc,2017,Power Steering,1995.0,188.0,188.0,400.0,18.2,-0.042358471410770225
235,2017 BMW X1 sDrive20d Expedition,2017,Third Party insurance,Diesel,5,32000.0,1995 cc,2017,Power Steering,1995.0,188.0,188.0,400.0,18.2,-0.042358471410770225
236,2021 MG Gloster Savvy 6-Str,May-21,Comprehensive,Diesel,6,35000.0,First Owner,Automatic,2021,12.4,1996.0,1996.0,21501.0,36.0,-0.03722050078086837
237,2014 Hyundai Grand i10 Magna,Dec-14,Comprehensive,Petrol,5,67264.0,Second Owner,Manual,2014,1197.0,82.0,82.0,114.0,3.27,-0.04666801643910924
238,2019 Mercedes-Benz V-Class 2019-2022 Exclusive,Mar-19,Zero Dep,Diesel,6,17000.0,First Owner,Automatic,2019,16.0,1950.0,1950.0,16092.0,65.0,-0.028849649754623768
239,2013 Maruti Wagon R LXI CNG,Aug-13,Comprehensive,CNG,5,77584.0,Second Owner,Manual,2013,26.6,998.0,998.0,5816.0,2.8,-0.046803681955741486
240,2016 Mercedes-Benz S-Class Maybach S500,Sep-16,Comprehensive,Petrol,4,50000.0,First Owner,Automatic,2016,7.81,4663.0,4663.0,459.0,98.5,-0.01917987356913432
241,2017 Mahindra Scorpio S6 Plus 7 Seater,2017,Third Party insurance,Diesel,7,70000.0,First Owner,Manual,2017,15.4,2179.0,2179.0,120.0,9.0,-0.04501405173633747
242,2013 Maruti Swift LXI BSIV,Oct-13,Comprehensive,Petrol,5,71977.0,Second Owner,Manual,2013,1197.0,8180.0,8180.0,113.0,2.94,-0.0467632709507872
243,2017 Maruti Ignis 1.2 Zeta BSIV,Nov-17,Comprehensive,Petrol,5,52690.0,Second Owner,Manual,2017,20.89,1197.0,1197.0,8180.0,4.2,-0.04639957190619865
244,2022 Hyundai Creta SX Opt IVT,Aug-22,Comprehensive,Petrol,5,11900.0,First Owner,Automatic,2022,14.0,1497.0,1497.0,11318.0,18.25,-0.04234403890900083
245,2017 Hyundai i20 Sportz 1.2,May-17,Comprehensive,Petrol,5,53747.0,First Owner,Manual,2017,18.6,1197.0,1197.0,8183.0,5.77,-0.04594639135063988
246,2019 BMW X3 xDrive 20d Luxury Line,Jan-20,Zero Dep,Diesel,5,32321.0,First Owner,Automatic,2019,16.55,1995.0,1995.0,1877.0,49.9,-0.03320826528897871
247,2015 Honda Brio S MT,May-15,Comprehensive,Petrol,5,55485.0,First Owner,Manual,2015,19.4,1198.0,1198.0,868.0,3.35,-0.04664492443627823
248,2020 MG Hector Plus Smart DCT,2020,Third Party insurance,Petrol,6,20000.0,1451 cc,2020,Power Windows Front,1451.0,141.0,141.0,250.0,17.5,-0.04256052643554164
249,2018 Land Rover Range Rover Velar P250 R-Dynamic SE,Nov-18,Third Party insurance,Petrol,5,54000.0,Second Owner,Automatic,2018,15.8,1997.0,1997.0,247.0,59.75,-0.030365062440409426
250,2017 Maruti Baleno 1.2 Zeta,Sep-17,Comprehensive,Petrol,5,49404.0,First Owner,Manual,2017,21.4,1197.0,1197.0,831.0,5.44,-0.04604164586231784
251,2017 BMW X1 sDrive20d Expedition,2017,Third Party insurance,Diesel,5,32000.0,1995 cc,2017,Power Steering,1995.0,188.0,188.0,400.0,18.2,-0.042358471410770225
252,2018 Ford Endeavour 3.2 Titanium AT 4X4,2018,Third Party insurance,Diesel,7,100000.0,First Owner,Automatic,2018,10.91,3198.0,3198.0,197.0,22.5,-0.04111727625860292
253,2017 BMW X1 sDrive20d Expedition,2017,Third Party insurance,Diesel,5,32000.0,1995 cc,2017,Power Steering,1995.0,188.0,188.0,400.0,18.2,-0.042358471410770225
254,2017 BMW X1 sDrive20d Expedition,2017,Third Party insurance,Diesel,5,32000.0,1995 cc,2017,Power Steering,1995.0,188.0,188.0,400.0,18.2,-0.042358471410770225
255,2017 BMW X1 sDrive20d Expedition,2017,Third Party insurance,Diesel,5,32000.0,1995 cc,2017,Power Steering,1995.0,188.0,188.0,400.0,18.2,-0.042358471410770225
256,2022 Mahindra Scorpio N Z8L AT BSVI,Apr-22,Comprehensive,Petrol,7,8000.0,First Owner,Automatic,2022,1997.0,200.0,200.0,380.0,24.0,-0.0406843012055213
257,2014 Maruti Wagon R VXi BSII,Oct-14,Comprehensive,Petrol,5,33841.0,First Owner,Manual,2014,998.0,671.0,671.0,90.0,3.17,-0.046696881442648025
258,2017 BMW X1 sDrive20d Expedition,2017,Third Party insurance,Diesel,5,32000.0,1995 cc,2017,Power Steering,1995.0,188.0,188.0,400.0,18.2,-0.042358471410770225
259,2023 Volkswagen Virtus Topline BSVI,May-23,Comprehensive,Petrol,5,9246.0,First Owner,Manual,2023,19.4,999.0,999.0,11398.0,15.62,-0.0431031885020706
260,2018 Toyota Innova Crysta 2.7 ZX AT BSIV,Feb-18,Comprehensive,Petrol,7,42000.0,First Owner,Automatic,2018,10.75,2694.0,2694.0,1637.0,17.9,-0.04244506642138654
261,2017 BMW X1 sDrive20d Expedition,2017,Third Party insurance,Diesel,5,32000.0,1995 cc,2017,Power Steering,1995.0,188.0,188.0,400.0,18.2,-0.042358471410770225
262,2018 Tata Tiago 1.05 Revotorq XT,Aug-18,Comprehensive,Diesel,5,42462.0,First Owner,Manual,2018,27.28,1047.0,1047.0,69.0,4.3,-0.04637070690265987
263,2017 BMW X1 sDrive20d Expedition,2017,Third Party insurance,Diesel,5,32000.0,1995 cc,2017,Power Steering,1995.0,188.0,188.0,400.0,18.2,-0.042358471410770225
264,2021 Mahindra Alturas G4 4X4 AT,Jan-21,Third Party insurance,Diesel,7,30000.0,First Owner,Automatic,2021,12.05,2157.0,2157.0,17849.0,24.75,-0.04046781367898049
265,2012 Hyundai i20 Magna,Nov-12,Comprehensive,Petrol,5,96660.0,First Owner,Manual,2012,18.5,1197.0,1197.0,8285.0,2.47,-0.046898936467419446
266,2017 BMW X1 sDrive20d Expedition,2017,Third Party insurance,Diesel,5,32000.0,1995 cc,2017,Power Steering,1995.0,188.0,188.0,400.0,18.2,-0.042358471410770225
267,2014 Hyundai Grand i10 Asta,Sep-14,Comprehensive,Petrol,5,38963.0,First Owner,Manual,2014,18.9,1197.0,1197.0,82.0,4.13,-0.04641977740867579
268,2011 Hyundai i20 1.2 Magna,2011,Third Party insurance,Petrol,5,70000.0,Second Owner,Manual,2011,18.5,1197.0,1197.0,805200.0,1.6,-0.04715006199820678
269,2017 BMW X1 sDrive20d Expedition,2017,Third Party insurance,Diesel,5,32000.0,1995 cc,2017,Power Steering,1995.0,188.0,188.0,400.0,19.5,-0.04198322636476615
270,2017 Hyundai Grand i10 1.2 Kappa Sportz BSIV,Nov-17,Comprehensive,Petrol,5,63249.0,First Owner,Manual,2017,18.9,1197.0,1197.0,8186.0,4.59,-0.04628699839239742
271,2017 BMW X1 sDrive20d Expedition,2017,Third Party insurance,Diesel,5,32000.0,1995 cc,2017,Power Steering,1995.0,188.0,188.0,400.0,19.5,-0.04198322636476615
272,2021 BMW 2 Series Black Shadow Edition,2021,Third Party insurance,Petrol,4,40000.0,1998 cc,2021,Power Steering,1998.0,18740.0,18740.0,280.0,32.0,-0.038375100922419345
273,2016 Maruti Ertiga ZXI Plus,Aug-16,Comprehensive,Petrol,7,82000.0,First Owner,Manual,2016,19.01,1462.0,1462.0,10326.0,7.49,-0.045449913289772964
274,2019 Maruti Ciaz 1.4 Sigma,Nov-19,Comprehensive,Petrol,5,38000.0,First Owner,Manual,2019,20.73,1373.0,1373.0,911.0,6.75,-0.0456635143159599
275,2020 Kia Carnival Prestige,Nov-20,Third Party insurance,Diesel,7,40500.0,First Owner,Automatic,2020,14.11,2199.0,2199.0,19726.0,25.25,-0.04032348866128662
276,2020 Kia Sonet GTX Plus Diesel BSVI,Oct-20,Zero Dep,Diesel,5,40000.0,First Owner,Manual,2020,1493.0,9863.0,9863.0,240.0,11.55,-0.04427799414609872
277,2015 Hyundai i10 Sportz,Aug-15,Comprehensive,Petrol,5,65170.0,Second Owner,Manual,2015,20.36,1197.0,1197.0,789.0,3.02,-0.04674017894795618
278,2018 Honda WR-V i-VTEC VX,Feb-18,Comprehensive,Petrol,5,50000.0,First Owner,Manual,2018,17.5,1199.0,1199.0,887.0,7.25,-0.045519189298266025
279,2020 Renault KWID 1.0 RXL BSVI,Nov-20,Comprehensive,Petrol,5,34838.0,First Owner,Manual,2020,999.0,6706.0,6706.0,91.0,3.88,-0.04649193991752273
280,2021 Hyundai i20 Asta Opt Turbo DCT BSVI,Jun-21,Comprehensive,Petrol,5,30466.0,First Owner,Automatic,2021,20.28,998.0,998.0,11841.0,10.5,-0.04458107668325585
281,2020 Mercedes-Benz E-Class Exclusive E 220d,Nov-20,Comprehensive,Diesel,5,32000.0,Second Owner,Automatic,2020,16.1,1950.0,1950.0,1917.0,44.5,-0.034766975480072536
282,2018 Volvo S90 D4 Momentum BSIV,Jul-18,Third Party insurance,Diesel,5,50000.0,First Owner,Automatic,2018,18.0,1969.0,1969.0,190.0,33.0,-0.038086450887031595
283,2014 Maruti Swift Dzire VXI,Oct-14,Comprehensive,Petrol,5,48946.0,First Owner,Manual,2014,19.1,1197.0,1197.0,858.0,4.11,-0.04642555040938354
284,2017 BMW X3 xDrive20d xLine,Mar-17,Comprehensive,Diesel,5,43498.0,Second Owner,Automatic,2017,18.56,1995.0,1995.0,190.0,29.9,-0.038981265996733606
285,2022 Mahindra Thar LX 4-Str Convert Top AT BSVI,Feb-22,Comprehensive,Petrol,4,8744.0,First Owner,Automatic,2022,15.2,1997.0,1997.0,150.0,16.01,-0.04299061498826938
286,2020 Hyundai Venue E Diesel,2020,Third Party insurance,Diesel,5,30000.0,First Owner,Manual,2020,1493.0,986.0,986.0,24026.0,7.8,-0.04536043177880276
287,2017 Land Rover Discovery Sport Petrol HSE 7S,Nov-17,Comprehensive,Petrol,7,72000.0,First Owner,Automatic,2017,12.81,1997.0,1997.0,23736.0,32.5,-0.03823077590472547
288,2017 Hyundai i20 Sportz 1.2,May-17,Comprehensive,Petrol,5,71361.0,First Owner,Manual,2017,18.6,1197.0,1197.0,8183.0,5.52,-0.04601855385948682
289,2017 BMW X1 sDrive 20d xLine,Jul-17,Comprehensive,Diesel,5,60500.0,First Owner,Automatic,2017,20.68,1995.0,1995.0,188.0,19.95,-0.04185333384884167
290,2021 Audi A6 45 TFSI Technology WO Matrix BSVI,2021,Third Party insurance,Petrol,5,30000.0,First Owner,Automatic,2021,14.11,1984.0,1984.0,2413.0,49.5,-0.03332372530313381
291,2018 Ford Ecosport 1.5 Diesel Titanium,Oct-18,Comprehensive,Diesel,5,64000.0,First Owner,Manual,2018,21.7,1498.0,1498.0,9896.0,7.99,-0.04530558827207909
292,2013 Mercedes-Benz B Class B180 Sports,Nov-13,Comprehensive,Petrol,5,26000.0,Second Owner,Automatic,2013,11.9,1595.0,1595.0,1207.0,12.45,-0.04401820911424976
293,2016 Ford Ecosport 1.5 Petrol Titanium AT,Nov-16,Comprehensive,Petrol,5,60000.0,First Owner,Automatic,2016,14.7,1496.0,1496.0,12069.0,6.49,-0.04573856332516071
294,2020 Kia Sonet GTX Plus Diesel BSVI,Oct-20,Zero Dep,Diesel,5,40000.0,First Owner,Manual,2020,1493.0,9863.0,9863.0,240.0,11.55,-0.04427799414609872
295,2015 Hyundai i10 Sportz,Aug-15,Comprehensive,Petrol,5,65170.0,Second Owner,Manual,2015,20.36,1197.0,1197.0,789.0,3.02,-0.04674017894795618
296,2018 Honda WR-V i-VTEC VX,Feb-18,Comprehensive,Petrol,5,50000.0,First Owner,Manual,2018,17.5,1199.0,1199.0,887.0,7.25,-0.045519189298266025
297,2020 Renault KWID 1.0 RXL BSVI,Nov-20,Comprehensive,Petrol,5,34838.0,First Owner,Manual,2020,999.0,6706.0,6706.0,91.0,3.88,-0.04649193991752273
298,2018 Land Rover Discovery Sport Petrol HSE 7S,Oct-18,Comprehensive,Petrol,7,72000.0,Second Owner,Automatic,2018,12.81,1997.0,1997.0,23736.0,49.5,-0.03332372530313381
299,2021 Hyundai i20 Asta Opt Turbo DCT BSVI,Jun-21,Comprehensive,Petrol,5,30466.0,First Owner,Automatic,2021,20.28,998.0,998.0,11841.0,10.5,-0.04458107668325585
300,2020 Mercedes-Benz E-Class Exclusive E 220d,Nov-20,Comprehensive,Diesel,5,32000.0,Second Owner,Automatic,2020,16.1,1950.0,1950.0,1917.0,44.5,-0.034766975480072536
301,2018 Volvo S90 D4 Momentum BSIV,Jul-18,Third Party insurance,Diesel,5,50000.0,First Owner,Automatic,2018,18.0,1969.0,1969.0,190.0,33.0,-0.038086450887031595
302,2014 Maruti Swift Dzire VXI,Oct-14,Comprehensive,Petrol,5,48946.0,First Owner,Manual,2014,19.1,1197.0,1197.0,858.0,4.11,-0.04642555040938354
303,2017 BMW X3 xDrive20d xLine,Mar-17,Comprehensive,Diesel,5,43498.0,Second Owner,Automatic,2017,18.56,1995.0,1995.0,190.0,29.9,-0.038981265996733606
304,2022 Mahindra Thar LX 4-Str Convert Top AT BSVI,Feb-22,Comprehensive,Petrol,4,8744.0,First Owner,Automatic,2022,15.2,1997.0,1997.0,150.0,16.01,-0.04299061498826938
305,2020 Hyundai Venue E Diesel,2020,Third Party insurance,Diesel,5,30000.0,First Owner,Manual,2020,1493.0,986.0,986.0,24026.0,7.8,-0.04536043177880276
306,2017 Land Rover Discovery Sport Petrol HSE 7S,Nov-17,Comprehensive,Petrol,7,72000.0,First Owner,Automatic,2017,12.81,1997.0,1997.0,23736.0,32.5,-0.03823077590472547
307,2017 Hyundai i20 Sportz 1.2,May-17,Comprehensive,Petrol,5,71361.0,First Owner,Manual,2017,18.6,1197.0,1197.0,8183.0,5.52,-0.04601855385948682
308,2017 BMW X1 sDrive 20d xLine,Jul-17,Comprehensive,Diesel,5,60500.0,First Owner,Automatic,2017,20.68,1995.0,1995.0,188.0,19.95,-0.04185333384884167
309,2021 Audi A6 45 TFSI Technology WO Matrix BSVI,2021,Third Party insurance,Petrol,5,30000.0,First Owner,Automatic,2021,14.11,1984.0,1984.0,2413.0,49.5,-0.03332372530313381
310,2018 Ford Ecosport 1.5 Diesel Titanium,Oct-18,Comprehensive,Diesel,5,64000.0,First Owner,Manual,2018,21.7,1498.0,1498.0,9896.0,7.99,-0.04530558827207909
311,2013 Mercedes-Benz B Class B180 Sports,Nov-13,Comprehensive,Petrol,5,26000.0,Second Owner,Automatic,2013,11.9,1595.0,1595.0,1207.0,12.45,-0.04401820911424976
312,2016 Ford Ecosport 1.5 Petrol Titanium AT,Nov-16,Comprehensive,Petrol,5,60000.0,First Owner,Automatic,2016,14.7,1496.0,1496.0,12069.0,6.49,-0.04573856332516071
313,2021 Audi Q2 Premium Plus I,Jan-21,Comprehensive,Petrol,5,28000.0,First Owner,Automatic,2021,1984.0,18774.0,18774.0,320.0,26.5,-0.03996267611705194
314,2011 Maruti Swift Dzire 1.2 Vxi BSIV,Mar-11,Comprehensive,Petrol,5,89002.0,First Owner,Manual,2011,17.5,1197.0,1197.0,858.0,2.37,-0.046927801470958215
315,2018 Maruti Baleno 1.2 Alpha,Sep-18,Comprehensive,Petrol,5,36937.0,First Owner,Manual,2018,21.4,1197.0,1197.0,831.0,6.4,-0.045764541828345606
316,2019 Toyota Innova Crysta 2.4 VX MT,Apr-19,Third Party insurance,Diesel,7,42000.0,First Owner,Manual,2019,13.68,2393.0,2393.0,14751.0,18.75,-0.04219971389130696
317,2019 BMW 5 Series 520d Luxury Line,Jul-19,Comprehensive,Diesel,5,55000.0,First Owner,Automatic,2019,20.37,1995.0,1995.0,18774.0,41.5,-0.03563292558623577
318,2019 Maruti Baleno Delta,May-19,Comprehensive,Petrol,5,70391.0,Second Owner,Manual,2019,21.01,1197.0,1197.0,8180.0,5.12,-0.04613401387364192
319,2014 Hyundai Elantra SX,Jan-14,Third Party insurance,Petrol,5,56000.0,First Owner,Manual,2014,16.3,1797.0,1797.0,1475.0,4.95,-0.04618308437965784
320,2016 Hyundai Grand i10 Sportz,Aug-16,Comprehensive,Petrol,5,52190.0,First Owner,Manual,2016,18.9,1197.0,1197.0,82.0,4.31,-0.04636782040230599
321,2014 Mercedes-Benz C-Class C 220 CDI Grand Edition,2014,Third Party insurance,Diesel,5,40000.0,First Owner,Automatic,2014,11.78,2143.0,2143.0,16762.0,9.99,-0.044728288201303604
322,2018 Audi A3 35 TDI Premium Plus,Oct-18,Comprehensive,Diesel,5,72000.0,First Owner,Automatic,2018,20.38,1968.0,1968.0,143.0,20.0,-0.04183890134707228
323,2013 Maruti Wagon R VXi BSII,Sep-13,Comprehensive,Petrol,5,48173.0,First Owner,Manual,2013,998.0,671.0,671.0,90.0,2.88,-0.04678058995291047
324,2012 BMW 3 Series 320i Touring,2012,Third Party insurance,Petrol,5,110000.0,Second Owner,Automatic,2012,12.05,1995.0,1995.0,154.0,7.3,-0.04550475679649663
325,2012 Honda City V MT,2012,Third Party insurance,Petrol,5,50000.0,First Owner,Manual,2012,16.8,1497.0,1497.0,1163.0,3.39,-0.046633378434862725
326,2019 Mercedes-Benz CLA Urban Sport 200d,Dec-19,Third Party insurance,Diesel,5,44132.0,Second Owner,Automatic,2019,17.9,2143.0,2143.0,1341.0,26.9,-0.03984721610289684
327,2015 Honda City i VTEC VX,2015,Third Party insurance,Petrol,5,90000.0,Third Owner,Manual,2015,17.4,1497.0,1497.0,1173.0,4.75,-0.046240814386735385
328,2020 Ford Endeavour Titanium Plus 4X4 AT,Dec-20,Comprehensive,Diesel,7,49000.0,First Owner,Automatic,2020,12.4,1996.0,1996.0,16762.0,33.5,-0.03794212586933773
329,2021 Audi Q2 Premium Plus I,Jan-21,Comprehensive,Petrol,5,28000.0,First Owner,Automatic,2021,1984.0,18774.0,18774.0,320.0,26.5,-0.03996267611705194
330,2011 Maruti Swift Dzire 1.2 Vxi BSIV,Mar-11,Comprehensive,Petrol,5,89002.0,First Owner,Manual,2011,17.5,1197.0,1197.0,858.0,2.37,-0.046927801470958215
331,2019 Hyundai Venue SX Turbo,Jul-19,Comprehensive,Petrol,5,28194.0,First Owner,Manual,2019,18.27,998.0,998.0,11835.0,9.03,-0.04500539223527584
332,2019 BMW 5 Series 530i M Sport,Aug-19,Comprehensive,Petrol,5,34500.0,First Owner,Automatic,2019,15.01,1998.0,1998.0,24808.0,52.0,-0.03260210021466445
333,2019 Mercedes-Benz E-Class Exclusive E 220 d BSIV,Sep-19,Zero Dep,Diesel,5,50605.0,Second Owner,Automatic,2019,16.1,1950.0,1950.0,1917.0,39.9,-0.03609476564285616
334,2018 Maruti Baleno 1.2 Alpha,Sep-18,Comprehensive,Petrol,5,36937.0,First Owner,Manual,2018,21.4,1197.0,1197.0,831.0,6.4,-0.045764541828345606
335,2019 Toyota Innova Crysta 2.4 VX MT,Apr-19,Third Party insurance,Diesel,7,42000.0,First Owner,Manual,2019,13.68,2393.0,2393.0,14751.0,18.75,-0.04219971389130696
336,2019 BMW 5 Series 520d Luxury Line,Jul-19,Comprehensive,Diesel,5,55000.0,First Owner,Automatic,2019,20.37,1995.0,1995.0,18774.0,41.5,-0.03563292558623577
337,2019 Maruti Baleno Delta,May-19,Comprehensive,Petrol,5,70391.0,Second Owner,Manual,2019,21.01,1197.0,1197.0,8180.0,5.12,-0.04613401387364192
338,2014 Hyundai Elantra SX,Jan-14,Third Party insurance,Petrol,5,56000.0,First Owner,Manual,2014,16.3,1797.0,1797.0,1475.0,4.95,-0.04618308437965784
339,2016 Hyundai Grand i10 Sportz,Aug-16,Comprehensive,Petrol,5,52190.0,First Owner,Manual,2016,18.9,1197.0,1197.0,82.0,4.31,-0.04636782040230599
340,2014 Mercedes-Benz C-Class C 220 CDI Grand Edition,2014,Third Party insurance,Diesel,5,40000.0,First Owner,Automatic,2014,11.78,2143.0,2143.0,16762.0,9.99,-0.044728288201303604
341,2018 Audi A3 35 TDI Premium Plus,Oct-18,Comprehensive,Diesel,5,72000.0,First Owner,Automatic,2018,20.38,1968.0,1968.0,143.0,20.0,-0.04183890134707228
342,2013 Maruti Wagon R VXi BSII,Sep-13,Comprehensive,Petrol,5,48173.0,First Owner,Manual,2013,998.0,671.0,671.0,90.0,2.88,-0.04678058995291047
343,2012 BMW 3 Series 320i Touring,2012,Third Party insurance,Petrol,5,110000.0,Second Owner,Automatic,2012,12.05,1995.0,1995.0,154.0,7.3,-0.04550475679649663
344,2012 Honda City V MT,2012,Third Party insurance,Petrol,5,50000.0,First Owner,Manual,2012,16.8,1497.0,1497.0,1163.0,3.39,-0.046633378434862725
345,2019 Mercedes-Benz CLA Urban Sport 200d,Dec-19,Third Party insurance,Diesel,5,44132.0,Second Owner,Automatic,2019,17.9,2143.0,2143.0,1341.0,26.9,-0.03984721610289684
346,2015 Honda City i VTEC VX,2015,Third Party insurance,Petrol,5,90000.0,Third Owner,Manual,2015,17.4,1497.0,1497.0,1173.0,4.75,-0.046240814386735385
347,2020 Ford Endeavour Titanium Plus 4X4 AT,Dec-20,Comprehensive,Diesel,7,49000.0,First Owner,Automatic,2020,12.4,1996.0,1996.0,16762.0,33.5,-0.03794212586933773
348,2017 Audi Q7 3.0 TDI Quattro Technology,May-17,Comprehensive,Diesel,7,70000.0,Second Owner,Automatic,2017,12.07,2967.0,2967.0,2414.0,40.0,-0.03606590063931738
349,2015 Hyundai Creta 1.6 Gamma SX Plus,Oct-15,Comprehensive,Petrol,5,49341.0,First Owner,Manual,2015,15.29,1591.0,1591.0,1213.0,8.42,-0.04518146875686237
350,2018 Isuzu MU-X 4X2,Oct-18,Comprehensive,Diesel,7,55000.0,First Owner,Automatic,2018,13.8,2999.0,2999.0,175.0,18.95,-0.04214198388422941
351,2019 Hyundai Creta 1.4 S,Jun-19,Comprehensive,Diesel,5,55861.0,First Owner,Manual,2019,22.1,1396.0,1396.0,887.0,10.27,-0.04464746619139503
352,2018 Land Rover Discovery HSE 3.0 Si6,Jul-18,Third Party insurance,Petrol,7,76000.0,Second Owner,Automatic,2018,9.17,2995.0,2995.0,33525.0,49.5,-0.03332372530313381
353,2018 Toyota Innova Crysta 2.4 G MT,Jul-18,Comprehensive,Diesel,7,68000.0,First Owner,Manual,2018,13.68,2393.0,2393.0,14751.0,14.25,-0.04349863905055181
354,2014 Honda Amaze VX i-VTEC,May-14,Comprehensive,Petrol,5,52565.0,First Owner,Manual,2014,17.8,1198.0,1198.0,867.0,4.17,-0.04640823140726028
355,2018 Volvo S90 D4 Momentum,Nov-18,Comprehensive,Diesel,5,72000.0,First Owner,Automatic,2018,18.0,1969.0,1969.0,190.0,29.55,-0.03908229350911931
356,2017 Audi Q7 45 TDI Quattro Technology,Aug-17,Comprehensive,Diesel,7,70000.0,Second Owner,Automatic,2017,14.75,2967.0,2967.0,245.0,40.0,-0.03606590063931738
357,2019 Hyundai Grand i10 1.2 Kappa Sportz BSIV,Jul-19,Comprehensive,Petrol,5,73074.0,First Owner,Manual,2019,18.9,1197.0,1197.0,8186.0,4.93,-0.046188857380365586
358,2019 Tata Harrier XZ,Jun-19,Third Party insurance,Diesel,5,45000.0,First Owner,Manual,2019,16.35,1956.0,1956.0,16767.0,13.75,-0.043642964068245686
359,2014 Hyundai Grand i10 Magna,Jun-14,Comprehensive,Petrol,5,90995.0,First Owner,Manual,2014,1197.0,82.0,82.0,114.0,3.35,-0.04664492443627823
360,2017 Renault KWID 1.0 RXT Optional AT 2016-2019,2017,Third Party insurance,Petrol,5,30000.0,First Owner,Automatic,2017,23.01,999.0,999.0,67.0,3.35,-0.04664492443627823
361,2014 Honda City i DTEC V,2014,Third Party insurance,Diesel,5,80000.0,1498 cc,2014,Power Steering,1498.0,986.0,986.0,200.0,4.75,-0.046240814386735385
362,2014 Maruti Wagon R LXI BS IV,Mar-14,Third Party,Petrol,5,42346.0,Second Owner,Manual,2014,20.51,998.0,998.0,6704.0,3.01,-0.04674306544831006
363,2020 Honda City i-VTEC CVT VX,Aug-20,Comprehensive,Petrol,5,31120.0,First Owner,Automatic,2020,18.0,1497.0,1497.0,1176.0,11.5,-0.04429242664786811
364,2014 Hyundai Verna 1.6 SX CRDI (O) AT,2014,Third Party insurance,Diesel,5,100000.0,First Owner,Automatic,2014,22.32,1582.0,1582.0,12632.0,3.95,-0.04647173441504558
365,2018 Toyota Yaris J CVT BSIV,2018,Third Party insurance,Petrol,5,33500.0,First Owner,Automatic,2018,17.8,1496.0,1496.0,1055.0,7.5,-0.04544702678941909
366,2015 Hyundai Grand i10 Magna CNG,Oct-15,Comprehensive,CNG,5,64000.0,First Owner,Manual,2015,1197.0,82.0,82.0,114.0,4.25,-0.04638513940442926
367,2011 Honda City 1.5 S MT,2011,Third Party insurance,Petrol,5,110000.0,1497 cc,2011,Power Steering,1497.0,1186600.0,1186600.0,1464800.0,3.5,-0.046601626930970065
368,2017 Audi Q7 3.0 TDI Quattro Technology,May-17,Comprehensive,Diesel,7,70000.0,Second Owner,Automatic,2017,12.07,2967.0,2967.0,2414.0,40.0,-0.03606590063931738
369,2015 Hyundai Creta 1.6 Gamma SX Plus,Oct-15,Comprehensive,Petrol,5,49341.0,First Owner,Manual,2015,15.29,1591.0,1591.0,1213.0,8.42,-0.04518146875686237
370,2018 Isuzu MU-X 4X2,Oct-18,Comprehensive,Diesel,7,55000.0,First Owner,Automatic,2018,13.8,2999.0,2999.0,175.0,18.95,-0.04214198388422941
371,2019 Hyundai Creta 1.4 S,Jun-19,Comprehensive,Diesel,5,55861.0,First Owner,Manual,2019,22.1,1396.0,1396.0,887.0,10.27,-0.04464746619139503
372,2018 Land Rover Discovery HSE 3.0 Si6,Jul-18,Third Party insurance,Petrol,7,76000.0,Second Owner,Automatic,2018,9.17,2995.0,2995.0,33525.0,49.5,-0.03332372530313381
373,2018 Toyota Innova Crysta 2.4 G MT,Jul-18,Comprehensive,Diesel,7,68000.0,First Owner,Manual,2018,13.68,2393.0,2393.0,14751.0,14.25,-0.04349863905055181
374,2014 Honda Amaze VX i-VTEC,May-14,Comprehensive,Petrol,5,52565.0,First Owner,Manual,2014,17.8,1198.0,1198.0,867.0,4.17,-0.04640823140726028
375,2018 Volvo S90 D4 Momentum,Nov-18,Comprehensive,Diesel,5,72000.0,First Owner,Automatic,2018,18.0,1969.0,1969.0,190.0,29.55,-0.03908229350911931
376,2017 Audi Q7 45 TDI Quattro Technology,Aug-17,Comprehensive,Diesel,7,70000.0,Second Owner,Automatic,2017,14.75,2967.0,2967.0,245.0,40.0,-0.03606590063931738
377,2019 Hyundai Grand i10 1.2 Kappa Sportz BSIV,Jul-19,Comprehensive,Petrol,5,73074.0,First Owner,Manual,2019,18.9,1197.0,1197.0,8186.0,4.93,-0.046188857380365586
378,2019 Tata Harrier XZ,Jun-19,Third Party insurance,Diesel,5,45000.0,First Owner,Manual,2019,16.35,1956.0,1956.0,16767.0,13.75,-0.043642964068245686
379,2014 Hyundai Grand i10 Magna,Jun-14,Comprehensive,Petrol,5,90995.0,First Owner,Manual,2014,1197.0,82.0,82.0,114.0,3.35,-0.04664492443627823
380,2017 Renault KWID 1.0 RXT Optional AT 2016-2019,2017,Third Party insurance,Petrol,5,30000.0,First Owner,Automatic,2017,23.01,999.0,999.0,67.0,3.35,-0.04664492443627823
381,2014 Honda City i DTEC V,2014,Third Party insurance,Diesel,5,80000.0,1498 cc,2014,Power Steering,1498.0,986.0,986.0,200.0,4.75,-0.046240814386735385
382,2014 Maruti Wagon R LXI BS IV,Mar-14,Third Party,Petrol,5,42346.0,Second Owner,Manual,2014,20.51,998.0,998.0,6704.0,3.01,-0.04674306544831006
383,2020 Honda City i-VTEC CVT VX,Aug-20,Comprehensive,Petrol,5,31120.0,First Owner,Automatic,2020,18.0,1497.0,1497.0,1176.0,11.5,-0.04429242664786811
384,2014 Hyundai Verna 1.6 SX CRDI (O) AT,2014,Third Party insurance,Diesel,5,100000.0,First Owner,Automatic,2014,22.32,1582.0,1582.0,12632.0,3.95,-0.04647173441504558
385,2018 Toyota Yaris J CVT BSIV,2018,Third Party insurance,Petrol,5,33500.0,First Owner,Automatic,2018,17.8,1496.0,1496.0,1055.0,7.5,-0.04544702678941909
386,2015 Hyundai Grand i10 Magna CNG,Oct-15,Comprehensive,CNG,5,64000.0,First Owner,Manual,2015,1197.0,82.0,82.0,114.0,4.25,-0.04638513940442926
387,2011 Honda City 1.5 S MT,2011,Third Party insurance,Petrol,5,110000.0,1497 cc,2011,Power Steering,1497.0,1186600.0,1186600.0,1464800.0,3.5,-0.046601626930970065
388,2022 BMW 7 Series 740Li M Sport,Oct-22,Comprehensive,Petrol,4,4000.0,First Owner,Automatic,2022,11.86,2998.0,2998.0,33525.0,1.25,-0.047251089510592495
389,2011 Maruti A-Star Zxi,May-12,Comprehensive,Petrol,5,48936.0,Second Owner,Manual,2011,19.0,998.0,998.0,661.0,2.34,-0.046936460972019846
390,2019 Mitsubishi Outlander 2.4 CVT,Mar-19,Comprehensive,Petrol,7,23000.0,Second Owner,Automatic,2019,10.2,2360.0,2360.0,16494.0,19.5,-0.04198322636476615
391,2017 Maruti Baleno 1.2 Zeta,Sep-17,Comprehensive,Petrol,5,61814.0,First Owner,Manual,2017,21.4,1197.0,1197.0,831.0,5.27,-0.046090716368333756
392,2019 BMW X5 xDrive 30d xLine,Jan-19,Zero Dep,Diesel,5,62000.0,Second Owner,Automatic,2019,13.38,2993.0,2993.0,26150.0,47.98,-0.03376247335692319
393,2017 Volkswagen Polo GT TSI Sport Edition,2017,Third Party insurance,Petrol,5,40000.0,First Owner,Automatic,2017,17.21,1197.0,1197.0,1035.0,10.0,-0.04472540170094973
394,2020 Hyundai Venue SX Turbo,Dec-20,Comprehensive,Petrol,5,30200.0,First Owner,Manual,2020,18.27,998.0,998.0,11835.0,9.25,-0.04494188922749053
395,2020 Skoda Superb LK 1.8 TSI AT,Aug-20,Third Party insurance,Petrol,5,34123.0,First Owner,Automatic,2020,14.67,1798.0,1798.0,17746.0,30.5,-0.03880807597550096
396,2022 Mercedes-Benz AMG GLC 43 4MATIC Coupe,May-22,Comprehensive,Petrol,5,16000.0,First Owner,Automatic,2022,2996.0,38487.0,38487.0,520.0,83.0,-0.023653949117644364
397,2018 Maruti Vitara Brezza ZDi Plus Dual Tone,Oct-18,Comprehensive,Diesel,5,28645.0,First Owner,Manual,2018,24.3,1248.0,1248.0,885.0,7.71,-0.04538641028198766
398,2015 Audi A4 35 TDI Premium,Mar-15,Comprehensive,Diesel,5,48933.0,Second Owner,Automatic,2015,17.11,1968.0,1968.0,17433.0,15.75,-0.043065663997470194
399,2016 Hyundai Creta 1.6 VTVT AT SX Plus,May-16,Comprehensive,Petrol,5,60970.0,First Owner,Automatic,2016,13.0,1591.0,1591.0,1213.0,9.4,-0.04489859172218237
400,2017 Hyundai Creta 1.6 VTVT AT SX Plus,2017,Third Party insurance,Petrol,5,50000.0,First Owner,Automatic,2017,13.0,1591.0,1591.0,1213.0,7.75,-0.04537486428057215
401,2018 Toyota Fortuner 2.8 4WD MT,Mar-18,Third Party insurance,Diesel,7,56000.0,First Owner,Manual,2018,14.24,2755.0,2755.0,1745.0,27.5,-0.03967402608166419
402,2018 Hyundai Grand i10 1.2 Kappa Asta,Jul-18,Comprehensive,Petrol,5,40427.0,First Owner,Manual,2018,18.9,1197.0,1197.0,8186.0,5.36,-0.04606473786514886
403,2019 Maruti Ciaz 1.4 Delta,Sep-19,Third Party insurance,Petrol,5,54213.0,First Owner,Manual,2019,20.73,1373.0,1373.0,911.0,7.9,-0.04533156677526399
404,2021 Ford Endeavour Titanium Plus 4X4 AT,2021,Third Party insurance,Diesel,7,20000.0,1996 cc,2021,Power Steering,1996.0,16762.0,16762.0,420.0,32.0,-0.038375100922419345
405,2011 Toyota Corolla Altis G,May-11,Third Party insurance,Petrol,5,85000.0,Second Owner,Manual,2011,14.53,1798.0,1798.0,1381.0,2.75,-0.04681811445751088
406,2016 Toyota Innova Crysta 2.4 G MT 8 STR,Oct-16,Comprehensive,Diesel,8,91000.0,Second Owner,Manual,2016,13.68,2393.0,2393.0,14751.0,12.0,-0.044148101630174234
407,2016 Hyundai Grand i10 Sportz,Oct-16,Third Party insurance,Petrol,5,47000.0,First Owner,Manual,2016,18.9,1197.0,1197.0,82.0,3.85,-0.04650059941858436
408,2015 Honda City i VTEC CVT VX,Sep-15,Comprehensive,Petrol,5,54630.0,First Owner,Automatic,2015,18.0,1497.0,1497.0,1173.0,6.86,-0.04563176281206724
409,2015 Audi Q7 45 TDI Quattro Technology,Mar-16,Comprehensive,Diesel,7,72222.0,Second Owner,Automatic,2015,14.75,2967.0,2967.0,245.0,34.9,-0.03753801581979488
410,2019 Honda City i-VTEC CVT ZX,Mar-20,Comprehensive,Petrol,5,41116.0,First Owner,Automatic,2019,18.0,1497.0,1497.0,1176.0,10.39,-0.04461282818714851
411,2019 Land Rover Range Rover Sport 2.0 Petrol SE,Feb-19,Zero Dep,Petrol,5,4000.0,First Owner,Automatic,2019,12.65,1997.0,1997.0,29636.0,1.1,-0.047294387015900656
412,2017 Jaguar XJ 2.0L Portfolio,Aug-17,Comprehensive,Petrol,5,20000.0,First Owner,Automatic,2017,9.43,1999.0,1999.0,2374.0,69.0,-0.02769504961307279
413,2021 Tata Altroz XZ Plus BSVI,Jan-23,Comprehensive,Petrol,5,29502.0,First Owner,Manual,2021,19.33,1199.0,1199.0,8683.0,7.56,-0.045429707787295825
414,2014 BMW X5 xDrive 30d M Sport,Jan-14,Comprehensive,Diesel,5,132501.0,First Owner,Automatic,2014,15.97,2993.0,2993.0,258.0,12.21,-0.044087485122742805
415,2017 Mercedes-Benz E-Class E250 CDI Avantgarde,May-17,Comprehensive,Diesel,5,35000.0,First Owner,Automatic,2017,13.0,2143.0,2143.0,204.0,23.9,-0.04071316620906007
416,2017 Honda WR-V i-DTEC VX,Oct-17,Comprehensive,Diesel,5,56458.0,Second Owner,Manual,2017,25.5,1498.0,1498.0,986.0,5.71,-0.04596371035276315
417,2018 Maruti Ciaz 1.4 AT Alpha,Sep-18,Comprehensive,Petrol,5,50000.0,First Owner,Automatic,2018,19.12,1373.0,1373.0,911.0,7.25,-0.045519189298266025
418,2018 Maruti Baleno 1.2 Zeta,Aug-18,Comprehensive,Petrol,5,61657.0,First Owner,Manual,2018,21.4,1197.0,1197.0,831.0,5.93,-0.04590020734497784
419,2016 Honda City i VTEC CVT VX,2016,Third Party insurance,Petrol,5,50000.0,First Owner,Automatic,2016,18.0,1497.0,1497.0,1173.0,6.5,-0.04573567682480683
420,2017 Maruti Ciaz 1.4 Zeta,Oct-17,Third Party insurance,Petrol,5,67000.0,First Owner,Manual,2017,20.73,1373.0,1373.0,911.0,6.25,-0.04580783933365377
421,2016 Hyundai i20 Sportz 1.2,Jan-16,Comprehensive,Petrol,5,104948.0,First Owner,Manual,2016,18.6,1197.0,1197.0,8183.0,4.61,-0.04628122539168967
422,2017 Jaguar XJ 2.0L Portfolio,Sep-17,Comprehensive,Petrol,5,20000.0,First Owner,Automatic,2017,9.43,1999.0,1999.0,2374.0,52.0,-0.03260210021466445
423,2023 Kia Seltos HTK Plus,2023,Third Party insurance,Petrol,5,10000.0,First Owner,Manual,2023,17.0,1497.0,1497.0,11342.0,15.21,-0.043221535016579576
424,2014 Mercedes-Benz M-Class ML 350 CDI,Mar-14,Comprehensive,Diesel,5,154000.0,Second Owner,Automatic,2014,11.74,2987.0,2987.0,2548.0,17.5,-0.04256052643554164
425,2016 Toyota Camry 2.5 Hybrid,Sep-16,Comprehensive,Petrol,5,46000.0,First Owner,Automatic,2016,19.16,2494.0,2494.0,1577.0,20.5,-0.041694576329378404
426,2015 Honda City i VTEC E,Jun-15,Comprehensive,Petrol,5,90000.0,First Owner,Manual,2015,1497.0,1173.0,1173.0,145.0,5.65,-0.04598102935488641
427,2016 Hyundai Grand i10 Sportz,Oct-16,Third Party insurance,Petrol,5,47000.0,First Owner,Manual,2016,18.9,1197.0,1197.0,82.0,3.85,-0.04650059941858436
428,2015 Honda City i VTEC CVT VX,Sep-15,Comprehensive,Petrol,5,54630.0,First Owner,Automatic,2015,18.0,1497.0,1497.0,1173.0,6.86,-0.04563176281206724
429,2015 Audi Q7 45 TDI Quattro Technology,Mar-16,Comprehensive,Diesel,7,72222.0,Second Owner,Automatic,2015,14.75,2967.0,2967.0,245.0,34.9,-0.03753801581979488
430,2019 Honda City i-VTEC CVT ZX,Mar-20,Comprehensive,Petrol,5,41116.0,First Owner,Automatic,2019,18.0,1497.0,1497.0,1176.0,10.39,-0.04461282818714851
431,2019 Land Rover Range Rover Sport 2.0 Petrol SE,Feb-19,Zero Dep,Petrol,5,4000.0,First Owner,Automatic,2019,12.65,1997.0,1997.0,29636.0,1.1,-0.047294387015900656
432,2017 Jaguar XJ 2.0L Portfolio,Aug-17,Comprehensive,Petrol,5,20000.0,First Owner,Automatic,2017,9.43,1999.0,1999.0,2374.0,69.0,-0.02769504961307279
433,2021 Tata Altroz XZ Plus BSVI,Jan-23,Comprehensive,Petrol,5,29502.0,First Owner,Manual,2021,19.33,1199.0,1199.0,8683.0,7.56,-0.045429707787295825
434,2014 BMW X5 xDrive 30d M Sport,Jan-14,Comprehensive,Diesel,5,132501.0,First Owner,Automatic,2014,15.97,2993.0,2993.0,258.0,12.21,-0.044087485122742805
435,2017 Mercedes-Benz E-Class E250 CDI Avantgarde,May-17,Comprehensive,Diesel,5,35000.0,First Owner,Automatic,2017,13.0,2143.0,2143.0,204.0,23.9,-0.04071316620906007
436,2017 Honda WR-V i-DTEC VX,Oct-17,Comprehensive,Diesel,5,56458.0,Second Owner,Manual,2017,25.5,1498.0,1498.0,986.0,5.71,-0.04596371035276315
437,2018 Maruti Ciaz 1.4 AT Alpha,Sep-18,Comprehensive,Petrol,5,50000.0,First Owner,Automatic,2018,19.12,1373.0,1373.0,911.0,7.25,-0.045519189298266025
438,2018 Maruti Baleno 1.2 Zeta,Aug-18,Comprehensive,Petrol,5,61657.0,First Owner,Manual,2018,21.4,1197.0,1197.0,831.0,5.93,-0.04590020734497784
439,2016 Honda City i VTEC CVT VX,2016,Third Party insurance,Petrol,5,50000.0,First Owner,Automatic,2016,18.0,1497.0,1497.0,1173.0,6.5,-0.04573567682480683
440,2017 Maruti Ciaz 1.4 Zeta,Oct-17,Third Party insurance,Petrol,5,67000.0,First Owner,Manual,2017,20.73,1373.0,1373.0,911.0,6.25,-0.04580783933365377
441,2016 Hyundai i20 Sportz 1.2,Jan-16,Comprehensive,Petrol,5,104948.0,First Owner,Manual,2016,18.6,1197.0,1197.0,8183.0,4.61,-0.04628122539168967
442,2017 Jaguar XJ 2.0L Portfolio,Sep-17,Comprehensive,Petrol,5,20000.0,First Owner,Automatic,2017,9.43,1999.0,1999.0,2374.0,52.0,-0.03260210021466445
443,2023 Kia Seltos HTK Plus,2023,Third Party insurance,Petrol,5,10000.0,First Owner,Manual,2023,17.0,1497.0,1497.0,11342.0,15.21,-0.043221535016579576
444,2014 Mercedes-Benz M-Class ML 350 CDI,Mar-14,Comprehensive,Diesel,5,154000.0,Second Owner,Automatic,2014,11.74,2987.0,2987.0,2548.0,17.5,-0.04256052643554164
445,2016 Toyota Camry 2.5 Hybrid,Sep-16,Comprehensive,Petrol,5,46000.0,First Owner,Automatic,2016,19.16,2494.0,2494.0,1577.0,20.5,-0.041694576329378404
446,2015 Honda City i VTEC E,Jun-15,Comprehensive,Petrol,5,90000.0,First Owner,Manual,2015,1497.0,1173.0,1173.0,145.0,5.65,-0.04598102935488641
447,2020 Audi A3 35 TDI Premium Plus,Jan-20,Comprehensive,Diesel,5,39000.0,Second Owner,Automatic,2020,20.38,1968.0,1968.0,143.0,22.5,-0.04111727625860292
448,2017 Hyundai Creta 1.6 VTVT AT SX Plus,Aug-17,Comprehensive,Petrol,5,64727.0,First Owner,Automatic,2017,13.0,1591.0,1591.0,1213.0,9.87,-0.044762926205550134
449,2018 Hyundai i20 Active 1.4 S,Sep-18,Third Party insurance,Diesel,5,65000.0,First Owner,Manual,2018,21.19,1396.0,1396.0,8873.0,6.5,-0.04573567682480683
450,2013 Honda Brio S MT,Feb-13,Third Party,Petrol,5,44636.0,Second Owner,Manual,2013,19.4,1198.0,1198.0,868.0,2.63,-0.04685275246175741
451,2015 Toyota Fortuner 4x2 AT,Aug-15,Comprehensive,Diesel,7,100000.0,Second Owner,Automatic,2015,12.55,2982.0,2982.0,1685.0,15.5,-0.04313782650631713
452,2021 Mercedes-Benz C-Class Progressive C 220d,Aug-21,Zero Dep,Diesel,5,23616.0,First Owner,Automatic,2021,12.6,1950.0,1950.0,194.0,43.9,-0.03494016550130518
453,2014 Hyundai Xcent 1.2 Kappa S,Sep-14,Comprehensive,Petrol,5,107682.0,First Owner,Manual,2014,19.1,1197.0,1197.0,82.0,3.39,-0.046633378434862725
454,2022 Mercedes-Benz AMG GLA 35 4MATIC,Aug-22,Third Party,Petrol,5,9500.0,First Owner,Automatic,2022,1991.0,30173.0,30173.0,400.0,56.5,-0.031303175055419595
455,2019 Land Rover Discovery Sport Petrol HSE 7S,Jun-19,Comprehensive,Petrol,7,47500.0,First Owner,Automatic,2019,12.81,1997.0,1997.0,23736.0,43.0,-0.03519995053315415
456,2011 Volkswagen Polo Petrol Highline 1.2L,Aug-11,Comprehensive,Petrol,5,101914.0,Second Owner,Manual,2011,16.47,1198.0,1198.0,739.0,2.59,-0.046864298463172915
457,2023 Hyundai Grand i10 Nios Magna BSVI,Apr-23,Comprehensive,Petrol,5,620.0,First Owner,Manual,2023,1197.0,8180.0,8180.0,1138.0,6.65,-0.04569237931949867
458,2019 Maruti Baleno Alpha,Mar-19,Comprehensive,Petrol,5,45507.0,First Owner,Manual,2019,21.01,1197.0,1197.0,8180.0,6.49,-0.04573856332516071
459,2015 Audi A8 L 3.0 TDI quattro,Jul-15,Comprehensive,Diesel,4,58000.0,First Owner,Automatic,2015,16.77,2967.0,2967.0,24674.0,29.75,-0.03902456350204177
460,2022 Mercedes-Benz S-Class S 350d BSVI,Oct-22,Comprehensive,Diesel,5,7000.0,First Owner,Automatic,2022,2925.0,28161.0,28161.0,600.0,1.55,-0.047164494499976166
461,2015 Ford Ecosport 1.5 Ti VCT AT Titanium,Mar-15,Comprehensive,Petrol,5,74095.0,Second Owner,Automatic,2015,16.5,1499.0,1499.0,110.0,5.37,-0.04606185136479498
462,2022 BMW X3 xDrive30i M Sport,Feb-22,Zero Dep,Petrol,5,8450.0,First Owner,Automatic,2022,19.0,5.0,5.0,1173.0,71.9,-0.026857964510448327
463,2018 Mercedes-Benz S-Class Maybach S500,Jul-18,Comprehensive,Petrol,4,40000.0,First Owner,Automatic,2018,7.81,4663.0,4663.0,459.0,1.09,-0.04729727351625453
464,2010 Maruti Alto 800 LXi BSIII,Oct-10,Comprehensive,Petrol,5,77684.0,Second Owner,Manual,2010,796.0,463.0,463.0,62.0,1.54,-0.04716738100033005
465,2021 Audi Q5 Technology BSVI,Jan-22,Third Party insurance,Petrol,5,22900.0,First Owner,Automatic,2021,13.47,1984.0,1984.0,24559.0,54.8,-0.031793880115578765
466,2022 Mercedes-Benz A-Class Limousine A 200d BSVI,2022,Third Party insurance,Diesel,5,10000.0,1950 cc,2022,Power Steering,147.51,320.0,320.0,17.0,42.0,-0.035488600568541896
467,2022 Mercedes-Benz GLS 400d 4MATIC,Dec-22,Comprehensive,Diesel,7,19000.0,Second Owner,Automatic,2022,2925.0,3258640000000.0,3258640000000.0,700.0,1.15,-0.047279954514131264
468,2014 Hyundai Grand i10 Sportz,Jun-14,Comprehensive,Petrol,5,74846.0,Second Owner,Manual,2014,18.9,1197.0,1197.0,82.0,3.1,-0.046717086945125164
469,2022 Toyota Glanza S,Nov-22,Comprehensive,Petrol,5,4500.0,First Owner,Manual,2022,22.35,1197.0,1197.0,8850.0,7.55,-0.045432594287649695
470,2012 Hyundai i20 Magna,Feb-12,Comprehensive,Petrol,5,97722.0,Third Owner,Manual,2012,18.5,1197.0,1197.0,805200.0,2.27,-0.04695666647449699
471,2023 Jeep Wrangler Rubicon,Feb-23,Third Party insurance,Petrol,5,9000.0,First Owner,Automatic,2023,12.1,1998.0,1998.0,26530.0,70.0,-0.027406399577685044
472,2020 Mercedes-Benz AMG GLE 53 Coupe,Feb-20,Third Party,Petrol,5,19000.0,First Owner,Automatic,2020,8.9,2999.0,2999.0,435.0,78.99,-0.024811435759549222
473,2015 Honda City i VTEC CVT VX,Nov-15,Comprehensive,Petrol,5,79683.0,First Owner,Automatic,2015,18.0,1497.0,1497.0,1173.0,6.35,-0.045778974330115
474,2022 Maruti Swift Dzire VXI AT,Jul-22,Comprehensive,Petrol,5,26000.0,First Owner,Automatic,2022,22.61,1197.0,1197.0,8850.0,7.95,-0.045317134273494604
475,2016 BMW X1 sDrive 20d xLine,Jul-16,Third Party insurance,Diesel,5,70000.0,Second Owner,Automatic,2016,20.68,1995.0,1995.0,188.0,15.5,-0.04313782650631713
476,2019 Kia Seltos GTX Plus DCT,Nov-19,Comprehensive,Petrol,5,85540.0,First Owner,Automatic,2019,16.5,1353.0,1353.0,13808.0,13.86,-0.043611212564353026
477,2023 Mahindra XUV300 W6 Turbo,2023,Third Party insurance,Petrol,5,10000.0,First Owner,Manual,2023,1197.0,12873.0,12873.0,230.0,11.7,-0.04423469664079056
478,2019 Maruti Baleno Alpha,Mar-19,Comprehensive,Petrol,5,50170.0,First Owner,Manual,2019,21.01,1197.0,1197.0,8180.0,6.87,-0.04562887631171336
479,2020 BMW X7 xDrive30d DPE Signature,Jul-20,Comprehensive,Diesel,7,44000.0,First Owner,Automatic,2020,13.38,2993.0,2993.0,26150.0,98.5,-0.01917987356913432
480,2022 Mercedes-Benz C-Class Progressive C 220d,Dec-22,Comprehensive,Diesel,5,4000.0,First Owner,Automatic,2022,12.6,1950.0,1950.0,194.0,56.75,-0.03123101254657266
481,2015 Maruti Wagon R VXi BSII,Aug-15,Comprehensive,Petrol,5,37163.0,Second Owner,Manual,2015,998.0,671.0,671.0,90.0,3.18,-0.04669399494229414
482,2022 MG Hector Sharp CVT,Jul-22,Third Party insurance,Petrol,5,21003.0,First Owner,Automatic,2022,1451.0,141.0,141.0,250.0,18.75,-0.04219971389130696
483,2018 BMW X3 xDrive 20d Luxury Line,Aug-18,Comprehensive,Diesel,5,49000.0,First Owner,Automatic,2018,16.55,1995.0,1995.0,1877.0,39.0,-0.03635455067470513
484,2011 Maruti A-Star AT VXI,Jun-11,Comprehensive,Petrol,5,89057.0,Second Owner,Automatic,2011,16.98,998.0,998.0,661.0,2.26,-0.046959552974850875
485,2021 Mercedes-Benz C-Class Progressive C 200,Nov-21,Comprehensive,Petrol,5,12000.0,First Owner,Automatic,2021,11.9,1950.0,1950.0,20115.0,44.5,-0.034766975480072536
486,2022 Maruti Vitara Brezza VXI AT,Nov-22,Comprehensive,Petrol,5,11000.0,First Owner,Automatic,2022,18.76,1462.0,1462.0,10326.0,9.99,-0.044728288201303604
487,2022 Mercedes-Benz GLS 400d 4MATIC,Dec-22,Comprehensive,Diesel,7,19000.0,Second Owner,Automatic,2022,2925.0,3258640000000.0,3258640000000.0,700.0,1.15,-0.047279954514131264
488,2014 Hyundai Grand i10 Sportz,Jun-14,Comprehensive,Petrol,5,74846.0,Second Owner,Manual,2014,18.9,1197.0,1197.0,82.0,3.1,-0.046717086945125164
489,2022 Toyota Glanza S,Nov-22,Comprehensive,Petrol,5,4500.0,First Owner,Manual,2022,22.35,1197.0,1197.0,8850.0,7.55,-0.045432594287649695
490,2012 Hyundai i20 Magna,Feb-12,Comprehensive,Petrol,5,97722.0,Third Owner,Manual,2012,18.5,1197.0,1197.0,805200.0,2.27,-0.04695666647449699
491,2023 Jeep Wrangler Rubicon,Feb-23,Third Party insurance,Petrol,5,9000.0,First Owner,Automatic,2023,12.1,1998.0,1998.0,26530.0,70.0,-0.027406399577685044
492,2020 Mercedes-Benz AMG GLE 53 Coupe,Feb-20,Third Party,Petrol,5,19000.0,First Owner,Automatic,2020,8.9,2999.0,2999.0,435.0,78.99,-0.024811435759549222
493,2015 Honda City i VTEC CVT VX,Nov-15,Comprehensive,Petrol,5,79683.0,First Owner,Automatic,2015,18.0,1497.0,1497.0,1173.0,6.35,-0.045778974330115
494,2022 Maruti Swift Dzire VXI AT,Jul-22,Comprehensive,Petrol,5,26000.0,First Owner,Automatic,2022,22.61,1197.0,1197.0,8850.0,7.95,-0.045317134273494604
495,2016 BMW X1 sDrive 20d xLine,Jul-16,Third Party insurance,Diesel,5,70000.0,Second Owner,Automatic,2016,20.68,1995.0,1995.0,188.0,15.5,-0.04313782650631713
496,2019 Kia Seltos GTX Plus DCT,Nov-19,Comprehensive,Petrol,5,85540.0,First Owner,Automatic,2019,16.5,1353.0,1353.0,13808.0,13.86,-0.043611212564353026
497,2023 Mahindra XUV300 W6 Turbo,2023,Third Party insurance,Petrol,5,10000.0,First Owner,Manual,2023,1197.0,12873.0,12873.0,230.0,11.7,-0.04423469664079056
498,2019 Maruti Baleno Alpha,Mar-19,Comprehensive,Petrol,5,50170.0,First Owner,Manual,2019,21.01,1197.0,1197.0,8180.0,6.87,-0.04562887631171336
499,2020 BMW X7 xDrive30d DPE Signature,Jul-20,Comprehensive,Diesel,7,44000.0,First Owner,Automatic,2020,13.38,2993.0,2993.0,26150.0,98.5,-0.01917987356913432
500,2022 Mercedes-Benz C-Class Progressive C 220d,Dec-22,Comprehensive,Diesel,5,4000.0,First Owner,Automatic,2022,12.6,1950.0,1950.0,194.0,56.75,-0.03123101254657266
501,2015 Maruti Wagon R VXi BSII,Aug-15,Comprehensive,Petrol,5,37163.0,Second Owner,Manual,2015,998.0,671.0,671.0,90.0,3.18,-0.04669399494229414
502,2022 MG Hector Sharp CVT,Jul-22,Third Party insurance,Petrol,5,21003.0,First Owner,Automatic,2022,1451.0,141.0,141.0,250.0,18.75,-0.04219971389130696
503,2018 BMW X3 xDrive 20d Luxury Line,Aug-18,Comprehensive,Diesel,5,49000.0,First Owner,Automatic,2018,16.55,1995.0,1995.0,1877.0,39.0,-0.03635455067470513
504,2011 Maruti A-Star AT VXI,Jun-11,Comprehensive,Petrol,5,89057.0,Second Owner,Automatic,2011,16.98,998.0,998.0,661.0,2.26,-0.046959552974850875
505,2021 Mercedes-Benz C-Class Progressive C 200,Nov-21,Comprehensive,Petrol,5,12000.0,First Owner,Automatic,2021,11.9,1950.0,1950.0,20115.0,44.5,-0.034766975480072536
506,2022 Maruti Vitara Brezza VXI AT,Nov-22,Comprehensive,Petrol,5,11000.0,First Owner,Automatic,2022,18.76,1462.0,1462.0,10326.0,9.99,-0.044728288201303604
507,2016 Honda City i VTEC VX Option BL,Aug-16,Comprehensive,Petrol,5,72692.0,First Owner,Manual,2016,17.8,1497.0,1497.0,1173.0,6.85,-0.04563464931242112
508,2016 Ford Ecosport 1.5 Ti VCT AT Titanium BSIV,Jul-16,Comprehensive,Petrol,5,47463.0,Second Owner,Automatic,2016,15.63,1499.0,1499.0,1104.0,6.33,-0.045784747330822745
509,2022 Mercedes-Benz GLC 200,Jul-22,Zero Dep,Petrol,5,7651.0,First Owner,Automatic,2022,12.74,1991.0,1991.0,197.0,61.0,-0.030004249896174746
510,2014 Honda City i VTEC VX,Jun-14,Comprehensive,Petrol,5,69348.0,First Owner,Manual,2014,17.8,1497.0,1497.0,1173.0,6.19,-0.045825158335777036
511,2016 Jaguar XJ 3.0L Portfolio,Jul-16,Comprehensive,Diesel,5,40000.0,First Owner,Automatic,2016,14.47,2993.0,2993.0,30173.0,32.5,-0.03823077590472547
512,2020 Land Rover Range Rover Velar P250 R-Dynamic SE,Nov-20,Comprehensive,Petrol,5,18000.0,First Owner,Automatic,2020,15.8,1997.0,1997.0,247.0,80.0,-0.024519899223807595
513,2011 Toyota Etios G,Dec-11,Comprehensive,Petrol,5,51710.0,First Owner,Manual,2011,18.9,1462.0,1462.0,1173.0,2.48,-0.04689604996706557
514,2013 Hyundai Santro Xing GLS CNG,2013,Third Party insurance,CNG,5,40000.0,Second Owner,Manual,2013,11.88,1086.0,1086.0,621.0,2.1,-0.04700573698051291
515,2016 Mercedes-Benz GLS 350d 4MATIC,Jul-16,Comprehensive,Diesel,7,84000.0,First Owner,Automatic,2016,11.0,2987.0,2987.0,258.0,46.21,-0.03427338391955949
516,2013 Maruti Wagon R VXi BSII,Mar-13,Comprehensive,Petrol,5,62411.0,First Owner,Manual,2013,998.0,671.0,671.0,90.0,2.9,-0.04677481695220271
517,2022 Maruti Brezza Zxi Plus BSVI,Nov-22,Third Party insurance,Petrol,5,22711.0,First Owner,Manual,2022,19.89,1462.0,1462.0,10165.0,11.35,-0.04433572415317627
518,2014 Hyundai Grand i10 Sportz,Oct-14,Comprehensive,Petrol,5,90576.0,First Owner,Manual,2014,18.9,1197.0,1197.0,82.0,3.37,-0.04663915143557047
519,2018 Mercedes-Benz E-Class E 350d,Dec-18,Comprehensive,Diesel,5,44000.0,First Owner,Automatic,2018,17.0,2987.0,2987.0,2548.0,44.0,-0.034911300497766404
520,2017 Maruti Swift LXI Option,Aug-17,Comprehensive,Petrol,5,49000.0,First Owner,Manual,2017,1197.0,8180.0,8180.0,113.0,4.25,-0.04638513940442926
521,2019 Hyundai Venue SX Turbo,Jan-20,Comprehensive,Petrol,5,40678.0,First Owner,Manual,2019,18.27,998.0,998.0,11835.0,9.24,-0.04494477572784441
522,2012 Maruti Wagon R LX BS IV,Jan-12,Comprehensive,Petrol,5,32000.0,First Owner,Manual,2012,998.0,6704.0,6704.0,90.0,2.2,-0.04697687197697414
523,2020 Maruti Ertiga ZXI Plus,Mar-20,Comprehensive,Petrol,7,27500.0,First Owner,Manual,2020,19.01,1462.0,1462.0,10326.0,10.5,-0.04458107668325585
524,2018 Hyundai i20 Sportz 1.2,Jun-18,Comprehensive,Petrol,5,92539.0,First Owner,Manual,2018,18.6,1197.0,1197.0,8183.0,5.28,-0.04608782986797988
525,2021 BMW 3 Series Gran Limousine 330Li M Sport First Edition,Dec-21,Comprehensive,Petrol,5,21000.0,First Owner,Automatic,2021,15.3,1998.0,1998.0,25479.0,48.0,-0.033756700356215426
526,2020 Maruti Baleno 1.2 Zeta,Jun-20,Comprehensive,Petrol,5,6000.0,First Owner,Manual,2020,21.4,1197.0,1197.0,831.0,6.95,-0.045605784308882354
527,2016 Honda City i VTEC VX Option BL,Aug-16,Comprehensive,Petrol,5,72692.0,First Owner,Manual,2016,17.8,1497.0,1497.0,1173.0,6.85,-0.04563464931242112
528,2016 Ford Ecosport 1.5 Ti VCT AT Titanium BSIV,Jul-16,Comprehensive,Petrol,5,47463.0,Second Owner,Automatic,2016,15.63,1499.0,1499.0,1104.0,6.33,-0.045784747330822745
529,2022 Mercedes-Benz GLC 200,Jul-22,Zero Dep,Petrol,5,7651.0,First Owner,Automatic,2022,12.74,1991.0,1991.0,197.0,61.0,-0.030004249896174746
530,2014 Honda City i VTEC VX,Jun-14,Comprehensive,Petrol,5,69348.0,First Owner,Manual,2014,17.8,1497.0,1497.0,1173.0,6.19,-0.045825158335777036
531,2016 Jaguar XJ 3.0L Portfolio,Jul-16,Comprehensive,Diesel,5,40000.0,First Owner,Automatic,2016,14.47,2993.0,2993.0,30173.0,32.5,-0.03823077590472547
532,2020 Land Rover Range Rover Velar P250 R-Dynamic SE,Nov-20,Comprehensive,Petrol,5,18000.0,First Owner,Automatic,2020,15.8,1997.0,1997.0,247.0,80.0,-0.024519899223807595
533,2011 Toyota Etios G,Dec-11,Comprehensive,Petrol,5,51710.0,First Owner,Manual,2011,18.9,1462.0,1462.0,1173.0,2.48,-0.04689604996706557
534,2013 Hyundai Santro Xing GLS CNG,2013,Third Party insurance,CNG,5,40000.0,Second Owner,Manual,2013,11.88,1086.0,1086.0,621.0,2.1,-0.04700573698051291
535,2016 Mercedes-Benz GLS 350d 4MATIC,Jul-16,Comprehensive,Diesel,7,84000.0,First Owner,Automatic,2016,11.0,2987.0,2987.0,258.0,46.21,-0.03427338391955949
536,2013 Maruti Wagon R VXi BSII,Mar-13,Comprehensive,Petrol,5,62411.0,First Owner,Manual,2013,998.0,671.0,671.0,90.0,2.9,-0.04677481695220271
537,2022 Maruti Brezza Zxi Plus BSVI,Nov-22,Third Party insurance,Petrol,5,22711.0,First Owner,Manual,2022,19.89,1462.0,1462.0,10165.0,11.35,-0.04433572415317627
538,2014 Hyundai Grand i10 Sportz,Oct-14,Comprehensive,Petrol,5,90576.0,First Owner,Manual,2014,18.9,1197.0,1197.0,82.0,3.37,-0.04663915143557047
539,2018 Mercedes-Benz E-Class E 350d,Dec-18,Comprehensive,Diesel,5,44000.0,First Owner,Automatic,2018,17.0,2987.0,2987.0,2548.0,44.0,-0.034911300497766404
540,2017 Maruti Swift LXI Option,Aug-17,Comprehensive,Petrol,5,49000.0,First Owner,Manual,2017,1197.0,8180.0,8180.0,113.0,4.25,-0.04638513940442926
541,2019 Hyundai Venue SX Turbo,Jan-20,Comprehensive,Petrol,5,40678.0,First Owner,Manual,2019,18.27,998.0,998.0,11835.0,9.24,-0.04494477572784441
542,2012 Maruti Wagon R LX BS IV,Jan-12,Comprehensive,Petrol,5,32000.0,First Owner,Manual,2012,998.0,6704.0,6704.0,90.0,2.2,-0.04697687197697414
543,2020 Maruti Ertiga ZXI Plus,Mar-20,Comprehensive,Petrol,7,27500.0,First Owner,Manual,2020,19.01,1462.0,1462.0,10326.0,10.5,-0.04458107668325585
544,2018 Hyundai i20 Sportz 1.2,Jun-18,Comprehensive,Petrol,5,92539.0,First Owner,Manual,2018,18.6,1197.0,1197.0,8183.0,5.28,-0.04608782986797988
545,2021 BMW 3 Series Gran Limousine 330Li M Sport First Edition,Dec-21,Comprehensive,Petrol,5,21000.0,First Owner,Automatic,2021,15.3,1998.0,1998.0,25479.0,48.0,-0.033756700356215426
546,2020 Maruti Baleno 1.2 Zeta,Jun-20,Comprehensive,Petrol,5,6000.0,First Owner,Manual,2020,21.4,1197.0,1197.0,831.0,6.95,-0.045605784308882354
547,2022 Mahindra XUV700 AX7 AT Luxury Pack,May-22,Comprehensive,Petrol,7,5000.0,First Owner,Automatic,2022,1999.0,19713.0,19713.0,380.0,26.5,-0.03996267611705194
548,2019 Tata Tiago XZ Plus,Sep-19,Comprehensive,Petrol,5,16570.0,First Owner,Manual,2019,23.84,1199.0,1199.0,8383.0,5.23,-0.04610226236974927
549,2022 Maruti Wagon R VXI,Aug-22,Comprehensive,Petrol,5,11000.0,First Owner,Manual,2022,21.79,998.0,998.0,6705.0,5.75,-0.04595216435134764
550,2017 Honda WR-V i-VTEC VX,Oct-17,Comprehensive,Petrol,5,39791.0,First Owner,Manual,2017,17.5,1199.0,1199.0,887.0,6.92,-0.045614443809943984
551,2017 Mahindra XUV500 W8 2WD,May-17,Comprehensive,Diesel,7,138000.0,First Owner,Manual,2017,16.0,2179.0,2179.0,140.0,6.95,-0.045605784308882354
552,2023 Mercedes-Benz G G 63 AMG,Aug-23,Comprehensive,Petrol,5,3000.0,First Owner,Automatic,2023,8.13,3982.0,3982.0,57663.0,4.0,-0.0464573019132762
553,2012 Maruti Swift Dzire LXI,Mar-12,Comprehensive,Petrol,5,94176.0,First Owner,Manual,2012,1197.0,8850.0,8850.0,113.0,2.67,-0.0468412064603419
554,2023 Porsche Cayenne 3.6 S Platinum Edition,Sep-23,Comprehensive,Petrol,5,11000.0,First Owner,Automatic,2023,12.5,3604.0,3604.0,420.0,1.47,-0.04718758650280719
555,2019 Kia Seltos GTK,Oct-19,Comprehensive,Petrol,5,30000.0,First Owner,Manual,2019,16.1,1353.0,1353.0,138.0,13.25,-0.043787289085939554
556,2021 Volkswagen Taigun 1.5 TSI GT BSVI,Jan-22,Comprehensive,Petrol,5,49594.0,First Owner,Manual,2021,18.47,1498.0,1498.0,14751.0,13.37,-0.043752651081693024
557,2012 Volkswagen Polo Petrol Comfortline 1.2L,Nov-12,Comprehensive,Petrol,5,60000.0,First Owner,Manual,2012,16.47,1198.0,1198.0,739.0,2.7,-0.04683254695928026
558,2015 Honda Brio S MT,Feb-16,Comprehensive,Petrol,5,76441.0,First Owner,Manual,2015,19.4,1198.0,1198.0,868.0,3.26,-0.046670902939463126
559,2014 Mercedes-Benz M-Class ML 350 CDI,Jul-14,Third Party insurance,Diesel,5,75000.0,Second Owner,Automatic,2014,11.74,2987.0,2987.0,2548.0,17.75,-0.0424883639266947
560,2017 Maruti Wagon R VXI AMT,Jul-17,Comprehensive,Petrol,5,53000.0,First Owner,Automatic,2017,21.79,998.0,998.0,6705.0,3.95,-0.04647173441504558
561,2017 Hyundai Creta 1.6 Gamma SX Plus,Sep-17,Comprehensive,Petrol,5,56572.0,First Owner,Manual,2017,15.29,1591.0,1591.0,1213.0,9.31,-0.04492457022536727
562,2018 Maruti Baleno Alpha,Jul-18,Comprehensive,Petrol,5,27210.0,First Owner,Manual,2018,21.01,1197.0,1197.0,8180.0,6.0,-0.045880001842500705
563,2017 Mercedes-Benz GLE 400 4MATIC,Jul-17,Comprehensive,Petrol,5,56000.0,First Owner,Automatic,2017,9.7,2996.0,2996.0,32855.0,45.75,-0.034406162935837856
564,2014 Hyundai i20 Asta 1.2,Nov-14,Comprehensive,Petrol,5,62677.0,First Owner,Manual,2014,18.6,1197.0,1197.0,8183.0,4.92,-0.04619174388071947
565,2023 Maruti Baleno Delta,Jan-23,Comprehensive,Petrol,5,18000.0,First Owner,Manual,2023,22.35,1197.0,1197.0,8850.0,7.5,-0.04544702678941909
566,2019 BMW 5 Series 520d Luxury Line,Oct-19,Comprehensive,Diesel,5,35000.0,First Owner,Automatic,2019,20.37,1995.0,1995.0,18774.0,45.0,-0.03462265046237866
567,2022 Mahindra XUV700 AX7 AT Luxury Pack,May-22,Comprehensive,Petrol,7,5000.0,First Owner,Automatic,2022,1999.0,19713.0,19713.0,380.0,26.5,-0.03996267611705194
568,2019 Tata Tiago XZ Plus,Sep-19,Comprehensive,Petrol,5,16570.0,First Owner,Manual,2019,23.84,1199.0,1199.0,8383.0,5.23,-0.04610226236974927
569,2022 Maruti Wagon R VXI,Aug-22,Comprehensive,Petrol,5,11000.0,First Owner,Manual,2022,21.79,998.0,998.0,6705.0,5.75,-0.04595216435134764
570,2017 Honda WR-V i-VTEC VX,Oct-17,Comprehensive,Petrol,5,39791.0,First Owner,Manual,2017,17.5,1199.0,1199.0,887.0,6.92,-0.045614443809943984
571,2017 Mahindra XUV500 W8 2WD,May-17,Comprehensive,Diesel,7,138000.0,First Owner,Manual,2017,16.0,2179.0,2179.0,140.0,6.95,-0.045605784308882354
572,2023 Mercedes-Benz G G 63 AMG,Aug-23,Comprehensive,Petrol,5,3000.0,First Owner,Automatic,2023,8.13,3982.0,3982.0,57663.0,4.0,-0.0464573019132762
573,2012 Maruti Swift Dzire LXI,Mar-12,Comprehensive,Petrol,5,94176.0,First Owner,Manual,2012,1197.0,8850.0,8850.0,113.0,2.67,-0.0468412064603419
574,2023 Porsche Cayenne 3.6 S Platinum Edition,Sep-23,Comprehensive,Petrol,5,11000.0,First Owner,Automatic,2023,12.5,3604.0,3604.0,420.0,1.47,-0.04718758650280719
575,2019 Kia Seltos GTK,Oct-19,Comprehensive,Petrol,5,30000.0,First Owner,Manual,2019,16.1,1353.0,1353.0,138.0,13.25,-0.043787289085939554
576,2021 Volkswagen Taigun 1.5 TSI GT BSVI,Jan-22,Comprehensive,Petrol,5,49594.0,First Owner,Manual,2021,18.47,1498.0,1498.0,14751.0,13.37,-0.043752651081693024
577,2012 Volkswagen Polo Petrol Comfortline 1.2L,Nov-12,Comprehensive,Petrol,5,60000.0,First Owner,Manual,2012,16.47,1198.0,1198.0,739.0,2.7,-0.04683254695928026
578,2015 Honda Brio S MT,Feb-16,Comprehensive,Petrol,5,76441.0,First Owner,Manual,2015,19.4,1198.0,1198.0,868.0,3.26,-0.046670902939463126
579,2014 Mercedes-Benz M-Class ML 350 CDI,Jul-14,Third Party insurance,Diesel,5,75000.0,Second Owner,Automatic,2014,11.74,2987.0,2987.0,2548.0,17.75,-0.0424883639266947
580,2017 Maruti Wagon R VXI AMT,Jul-17,Comprehensive,Petrol,5,53000.0,First Owner,Automatic,2017,21.79,998.0,998.0,6705.0,3.95,-0.04647173441504558
581,2017 Hyundai Creta 1.6 Gamma SX Plus,Sep-17,Comprehensive,Petrol,5,56572.0,First Owner,Manual,2017,15.29,1591.0,1591.0,1213.0,9.31,-0.04492457022536727
582,2018 Maruti Baleno Alpha,Jul-18,Comprehensive,Petrol,5,27210.0,First Owner,Manual,2018,21.01,1197.0,1197.0,8180.0,6.0,-0.045880001842500705
583,2017 Mercedes-Benz GLE 400 4MATIC,Jul-17,Comprehensive,Petrol,5,56000.0,First Owner,Automatic,2017,9.7,2996.0,2996.0,32855.0,45.75,-0.034406162935837856
584,2014 Hyundai i20 Asta 1.2,Nov-14,Comprehensive,Petrol,5,62677.0,First Owner,Manual,2014,18.6,1197.0,1197.0,8183.0,4.92,-0.04619174388071947
585,2023 Maruti Baleno Delta,Jan-23,Comprehensive,Petrol,5,18000.0,First Owner,Manual,2023,22.35,1197.0,1197.0,8850.0,7.5,-0.04544702678941909
586,2019 BMW 5 Series 520d Luxury Line,Oct-19,Comprehensive,Diesel,5,35000.0,First Owner,Automatic,2019,20.37,1995.0,1995.0,18774.0,45.0,-0.03462265046237866
587,2019 BMW X5 xDrive 30d xLine,Jul-19,Comprehensive,Diesel,5,38000.0,Second Owner,Automatic,2019,13.38,2993.0,2993.0,26150.0,46.21,-0.03427338391955949
588,2018 Renault Captur 1.5 Diesel RXE,Jun-18,Comprehensive,Diesel,5,109495.0,First Owner,Manual,2018,20.37,1461.0,1461.0,10849.0,6.53,-0.0457270173237452
589,2011 Toyota Etios G,Jul-11,Comprehensive,Petrol,5,54214.0,First Owner,Manual,2011,18.9,1462.0,1462.0,1173.0,2.55,-0.04687584446458842
590,2015 Audi A4 2.0 TDI Premium Plus,Jan-15,Third Party insurance,Diesel,5,43600.0,Second Owner,Automatic,2015,17.11,1968.0,1968.0,17433.0,11.9,-0.04417696663371301
591,2020 Mercedes-Benz C-Class Progressive C 220d,Oct-20,Comprehensive,Diesel,5,30000.0,First Owner,Automatic,2020,12.6,1950.0,1950.0,194.0,37.5,-0.03678752572778675
592,2018 Maruti SX4 S Cross Zeta DDiS 200 SH,Apr-18,Comprehensive,Diesel,5,45240.0,First Owner,Manual,2018,25.1,1248.0,1248.0,885.0,7.34,-0.045493210795081125
593,2018 Datsun RediGO 1.0 T Option,May-18,Comprehensive,Petrol,5,3600.0,First Owner,Manual,2018,22.5,999.0,999.0,67.0,3.45,-0.04661605943273946
594,2021 Mercedes-Benz G G 350d,Sep-23,Comprehensive,Diesel,5,36000.0,First Owner,Automatic,2021,8.13,2925.0,2925.0,28161.0,2.05,-0.04702016948228229
595,2020 Maruti Baleno Zeta,Jan-21,Comprehensive,Petrol,5,59090.0,First Owner,Manual,2020,21.01,1197.0,1197.0,8180.0,6.42,-0.04575876882763785
596,2012 Audi Q3 35 TDI Quattro Premium,Nov-12,Comprehensive,Diesel,5,126000.0,First Owner,Automatic,2012,15.73,1968.0,1968.0,17433.0,6.5,-0.04573567682480683
597,2014 Hyundai Grand i10 Sportz,Feb-15,Comprehensive,Petrol,5,70717.0,First Owner,Manual,2014,18.9,1197.0,1197.0,82.0,3.86,-0.046497712918230474
598,2014 Mercedes-Benz S-Class S 500 L,Jul-14,Comprehensive,Petrol,5,65000.0,First Owner,Automatic,2014,7.81,5461.0,5461.0,3629.0,47.5,-0.0339010253739093
599,2013 Honda City i VTEC S,Apr-13,Comprehensive,Petrol,5,73086.0,Second Owner,Manual,2013,17.4,1497.0,1497.0,1173.0,3.75,-0.04652946442212313
600,2020 Tata Nexon XZ Plus BSVI,Feb-20,Comprehensive,Petrol,5,51690.0,First Owner,Manual,2020,17.33,1199.0,1199.0,11835.0,8.52,-0.045152603753323584
601,2018 BMW X1 sDrive20d Expedition,Mar-18,Comprehensive,Diesel,5,49000.0,First Owner,Automatic,2018,20.68,1995.0,1995.0,188.0,19.45,-0.041997658866535545
602,2019 Mercedes-Benz E-Class Expression E 200 BSIV,Dec-19,Comprehensive,Petrol,5,25000.0,First Owner,Automatic,2019,15.0,1991.0,1991.0,1944.0,49.75,-0.03325156279428687
603,2019 Hyundai Santro Sportz BSIV,Dec-19,Comprehensive,Petrol,5,23592.0,First Owner,Manual,2019,20.3,1086.0,1086.0,68.0,4.71,-0.04625236038815089
604,2014 Honda City i VTEC V,Dec-14,Comprehensive,Petrol,5,69000.0,Second Owner,Manual,2014,17.4,1497.0,1497.0,1173.0,4.9,-0.046197516881427224
605,2016 Hyundai Creta 1.6 SX Automatic,Jun-16,Comprehensive,Petrol,5,70000.0,First Owner,Automatic,2016,14.8,1591.0,1591.0,1213.0,7.95,-0.045317134273494604
606,2023 Mercedes-Benz S-Class S450 4Matic,Nov-23,Comprehensive,Petrol,5,3500.0,First Owner,Automatic,2023,2999.0,36207.0,36207.0,500.0,1.78,-0.04709810499183699
607,2015 Honda Brio S MT,Sep-15,Comprehensive,Petrol,5,64155.0,First Owner,Manual,2015,19.4,1198.0,1198.0,868.0,3.18,-0.04669399494229414
608,2018 Mercedes-Benz A Class A200 CDI,Jul-18,Comprehensive,Diesel,5,38000.0,First Owner,Automatic,2018,20.0,2143.0,2143.0,1073.0,17.49,-0.042563412935895516
609,2017 Hyundai Xcent 1.2 VTVT E Plus,Aug-17,Comprehensive,Petrol,5,68018.0,First Owner,Manual,2017,20.14,1197.0,1197.0,8186.0,4.12,-0.04642266390902966
610,2022 Toyota Hyryder V AWD BSVI,Jul-22,Comprehensive,Petrol,5,14000.0,First Owner,Manual,2022,19.39,1462.0,1462.0,10164.0,19.9,-0.041867766350611055
611,2018 Honda WR-V i-VTEC VX,Apr-18,Comprehensive,Petrol,5,29846.0,First Owner,Manual,2018,17.5,1199.0,1199.0,887.0,7.6,-0.04541816178588032
612,2017 Tata Tiago XZ,Nov-17,Comprehensive,Petrol,5,26092.0,First Owner,Manual,2017,23.84,1199.0,1199.0,8383.0,4.5,-0.04631297689558232
613,2019 Maruti Swift Dzire LXI 1.2,Aug-19,Comprehensive,Petrol,5,50823.0,First Owner,Manual,2019,1197.0,8180.0,8180.0,113.0,5.5,-0.04602432686019458
614,2020 BMW X6 Xdrive40i M Sport,Oct-20,Third Party insurance,Petrol,5,5200.0,First Owner,Automatic,2020,10.31,2998.0,2998.0,33525.0,69.75,-0.02747856208653198
615,2018 Mahindra Marazzo M8,Feb-19,Comprehensive,Diesel,7,36050.0,First Owner,Manual,2018,17.3,1497.0,1497.0,121.0,8.99,-0.045016938236691346
616,2017 Honda City i-VTEC CVT VX,Dec-17,Comprehensive,Petrol,5,90932.0,First Owner,Automatic,2017,18.0,1497.0,1497.0,1176.0,7.86,-0.045343112776679496
617,2021 Tata Harrier XZA Plus (O) AT BSVI,Aug-21,Comprehensive,Diesel,5,53000.0,First Owner,Automatic,2021,14.6,1956.0,1956.0,16767.0,20.0,-0.04183890134707228
618,2020 Mercedes-Benz C-Class Progressive C 220d,Mar-21,Zero Dep,Diesel,5,11848.0,Second Owner,Automatic,2020,12.6,1950.0,1950.0,194.0,39.9,-0.03609476564285616
619,2014 Honda Mobilio V i-VTEC,Aug-14,Comprehensive,Petrol,7,73580.0,First Owner,Manual,2014,17.3,1497.0,1497.0,1173.0,4.66,-0.046266792889920284
620,2019 Jeep Compass 1.4 Limited,Mar-19,Comprehensive,Petrol,5,22600.0,First Owner,Automatic,2019,16.0,1368.0,1368.0,160.0,14.9,-0.043311016527549775
621,2019 Audi A4 35 TDI Technology,Dec-19,Comprehensive,Diesel,5,36000.0,First Owner,Automatic,2019,18.25,1968.0,1968.0,18774.0,27.5,-0.03967402608166419
622,2021 Tata Altroz XE Diesel,Apr-21,Comprehensive,Diesel,5,44275.0,First Owner,Manual,2021,1497.0,8877.0,8877.0,200.0,6.2,-0.04582227183542316
623,2020 Hyundai i20 Magna Plus,Sep-20,Comprehensive,Petrol,5,52000.0,First Owner,Manual,2020,18.6,1197.0,1197.0,8186.0,6.25,-0.04580783933365377
624,2017 BMW X1 sDrive20d Expedition,2017,Third Party insurance,Diesel,5,30000.0,1995 cc,2017,Power Steering,1995.0,188.0,188.0,400.0,18.2,-0.042358471410770225
625,2021 Tata Safari XZA Plus AT,Jul-21,Comprehensive,Diesel,7,26000.0,Second Owner,Automatic,2021,14.08,1956.0,1956.0,16767.0,20.0,-0.04183890134707228
626,2018 Maruti Ciaz 1.4 Delta,Jul-18,Comprehensive,Petrol,5,45239.0,First Owner,Manual,2018,20.73,1373.0,1373.0,911.0,6.33,-0.045784747330822745
627,2017 Mercedes-Benz GLA Class 200,Dec-17,Comprehensive,Petrol,5,51000.0,Second Owner,Automatic,2017,13.7,1991.0,1991.0,183.0,21.0,-0.041550251311684536
628,2019 Maruti Vitara Brezza ZDi Plus AMT,May-19,Comprehensive,Diesel,5,102973.0,First Owner,Automatic,2019,24.3,1248.0,1248.0,885.0,7.99,-0.04530558827207909
629,2016 Audi A6 35 TDI,Sep-16,Comprehensive,Diesel,5,87000.0,Second Owner,Automatic,2016,18.53,1968.0,1968.0,18774.0,19.0,-0.04212755138246002
630,2014 Maruti Swift Dzire ZXI,2014,Third Party insurance,Petrol,5,40000.0,Second Owner,Manual,2014,19.1,1197.0,1197.0,858.0,3.7,-0.04654389692389252
631,2014 Hyundai Grand i10 Sportz,Feb-15,Comprehensive,Petrol,5,63952.0,Second Owner,Manual,2014,18.9,1197.0,1197.0,82.0,3.55,-0.04658719442920067
632,2018 Mahindra XUV500 W11 AT BSIV,Oct-18,Comprehensive,Diesel,7,58000.0,Second Owner,Automatic,2018,15.1,2179.0,2179.0,15287.0,12.0,-0.044148101630174234
633,2023 Audi Q8 Standard,Nov-23,Comprehensive,Petrol,5,7000.0,First Owner,Automatic,2023,9.8,2995.0,2995.0,340.0,1.12,-0.047288614015192895
634,2019 Tata Nexon 1.2 Revotron XZA Plus DualTone,Jun-19,Comprehensive,Petrol,5,46310.0,First Owner,Automatic,2019,17.0,1198.0,1198.0,1085.0,8.74,-0.045089100745538284
635,2020 MG Hector Plus Sharp DCT,Nov-20,Comprehensive,Petrol,6,42000.0,First Owner,Automatic,2020,11.67,1451.0,1451.0,141.0,16.0,-0.042993501488623256
636,2015 Honda City i VTEC VX Option,May-15,Comprehensive,Petrol,5,94498.0,First Owner,Manual,2015,17.8,1497.0,1497.0,1173.0,5.81,-0.045934845349224374
637,2022 Volvo XC60 B5 Ultimate,Nov-22,Comprehensive,Petrol,5,9300.0,First Owner,Automatic,2022,11.2,1969.0,1969.0,250.0,66.0,-0.02856099971923602
638,2019 BMW X5 xDrive 30d xLine,Nov-19,Comprehensive,Diesel,5,37000.0,First Owner,Automatic,2019,13.38,2993.0,2993.0,26150.0,71.99,-0.026831986007263435
639,2019 Honda WR-V i-DTEC V,Sep-19,Comprehensive,Diesel,5,144234.0,First Owner,Manual,2019,25.5,1498.0,1498.0,986.0,5.52,-0.04601855385948682
640,2017 Maruti Swift Dzire VXI Optional,Jul-17,Comprehensive,Petrol,5,48000.0,First Owner,Manual,2017,20.85,1197.0,1197.0,8314.0,5.1,-0.04613978687434968
641,2021 Land Rover Range Rover Velar R-Dynamic S Petrol,Nov-21,Comprehensive,Petrol,5,19000.0,Second Owner,Automatic,2021,15.8,1997.0,1997.0,24674.0,80.0,-0.024519899223807595
642,2016 Hyundai i20 Sportz 1.2,Dec-16,Comprehensive,Petrol,5,114658.0,First Owner,Manual,2016,18.6,1197.0,1197.0,8183.0,5.21,-0.04610803537045702
643,2015 Audi A4 2.0 TDI Premium Plus,Oct-15,Comprehensive,Diesel,5,71000.0,First Owner,Automatic,2015,17.11,1968.0,1968.0,17433.0,12.65,-0.0439604791071722
644,2022 Maruti Swift LXI BSVI,Dec-22,Comprehensive,Petrol,5,8000.0,First Owner,Manual,2022,1197.0,8850.0,8850.0,113.0,5.95,-0.045894434344270096
645,2021 Tata Safari XZA Plus AT,Jul-21,Comprehensive,Diesel,7,26000.0,Second Owner,Automatic,2021,14.08,1956.0,1956.0,16767.0,20.0,-0.04183890134707228
646,2018 Maruti Ciaz 1.4 Delta,Jul-18,Comprehensive,Petrol,5,45239.0,First Owner,Manual,2018,20.73,1373.0,1373.0,911.0,6.33,-0.045784747330822745
647,2017 Mercedes-Benz GLA Class 200,Dec-17,Comprehensive,Petrol,5,51000.0,Second Owner,Automatic,2017,13.7,1991.0,1991.0,183.0,21.0,-0.041550251311684536
648,2019 Maruti Vitara Brezza ZDi Plus AMT,May-19,Comprehensive,Diesel,5,102973.0,First Owner,Automatic,2019,24.3,1248.0,1248.0,885.0,7.99,-0.04530558827207909
649,2016 Audi A6 35 TDI,Sep-16,Comprehensive,Diesel,5,87000.0,Second Owner,Automatic,2016,18.53,1968.0,1968.0,18774.0,19.0,-0.04212755138246002
650,2014 Maruti Swift Dzire ZXI,2014,Third Party insurance,Petrol,5,40000.0,Second Owner,Manual,2014,19.1,1197.0,1197.0,858.0,3.7,-0.04654389692389252
651,2014 Hyundai Grand i10 Sportz,Feb-15,Comprehensive,Petrol,5,63952.0,Second Owner,Manual,2014,18.9,1197.0,1197.0,82.0,3.55,-0.04658719442920067
652,2018 Mahindra XUV500 W11 AT BSIV,Oct-18,Comprehensive,Diesel,7,58000.0,Second Owner,Automatic,2018,15.1,2179.0,2179.0,15287.0,12.0,-0.044148101630174234
653,2023 Audi Q8 Standard,Nov-23,Comprehensive,Petrol,5,7000.0,First Owner,Automatic,2023,9.8,2995.0,2995.0,340.0,1.12,-0.047288614015192895
654,2019 Tata Nexon 1.2 Revotron XZA Plus DualTone,Jun-19,Comprehensive,Petrol,5,46310.0,First Owner,Automatic,2019,17.0,1198.0,1198.0,1085.0,8.74,-0.045089100745538284
655,2020 MG Hector Plus Sharp DCT,Nov-20,Comprehensive,Petrol,6,42000.0,First Owner,Automatic,2020,11.67,1451.0,1451.0,141.0,16.0,-0.042993501488623256
656,2015 Honda City i VTEC VX Option,May-15,Comprehensive,Petrol,5,94498.0,First Owner,Manual,2015,17.8,1497.0,1497.0,1173.0,5.81,-0.045934845349224374
657,2022 Volvo XC60 B5 Ultimate,Nov-22,Comprehensive,Petrol,5,9300.0,First Owner,Automatic,2022,11.2,1969.0,1969.0,250.0,66.0,-0.02856099971923602
658,2019 BMW X5 xDrive 30d xLine,Nov-19,Comprehensive,Diesel,5,37000.0,First Owner,Automatic,2019,13.38,2993.0,2993.0,26150.0,71.99,-0.026831986007263435
659,2019 Honda WR-V i-DTEC V,Sep-19,Comprehensive,Diesel,5,144234.0,First Owner,Manual,2019,25.5,1498.0,1498.0,986.0,5.52,-0.04601855385948682
660,2017 Maruti Swift Dzire VXI Optional,Jul-17,Comprehensive,Petrol,5,48000.0,First Owner,Manual,2017,20.85,1197.0,1197.0,8314.0,5.1,-0.04613978687434968
661,2021 Land Rover Range Rover Velar R-Dynamic S Petrol,Nov-21,Comprehensive,Petrol,5,19000.0,Second Owner,Automatic,2021,15.8,1997.0,1997.0,24674.0,80.0,-0.024519899223807595
662,2016 Hyundai i20 Sportz 1.2,Dec-16,Comprehensive,Petrol,5,114658.0,First Owner,Manual,2016,18.6,1197.0,1197.0,8183.0,5.21,-0.04610803537045702
663,2015 Audi A4 2.0 TDI Premium Plus,Oct-15,Comprehensive,Diesel,5,71000.0,First Owner,Automatic,2015,17.11,1968.0,1968.0,17433.0,12.65,-0.0439604791071722
664,2022 Maruti Swift LXI BSVI,Dec-22,Comprehensive,Petrol,5,8000.0,First Owner,Manual,2022,1197.0,8850.0,8850.0,113.0,5.95,-0.045894434344270096
665,2018 BMW X3 xDrive 20d Luxury Line,Jul-18,Comprehensive,Diesel,5,28000.0,First Owner,Automatic,2018,16.55,1995.0,1995.0,1877.0,39.9,-0.03609476564285616
666,2019 Honda WR-V i-VTEC VX,Nov-19,Comprehensive,Petrol,5,38616.0,First Owner,Manual,2019,17.5,1199.0,1199.0,887.0,7.41,-0.04547300529260399
667,2019 Skoda Octavia 1.8 TSI AT L K,Nov-19,Comprehensive,Petrol,5,30000.0,First Owner,Automatic,2019,15.1,1798.0,1798.0,178.0,21.5,-0.04140592629399066
668,2018 Hyundai i20 Asta Option 1.2,Apr-18,Comprehensive,Petrol,5,33093.0,First Owner,Manual,2018,18.6,1197.0,1197.0,8183.0,6.81,-0.04564619531383663
669,2019 BMW X1 sDrive 20D xLine,Aug-19,Comprehensive,Diesel,5,33000.0,First Owner,Automatic,2019,17.05,1995.0,1995.0,184.0,29.0,-0.03924105102858258
670,2019 Toyota Innova Crysta 2.8 GX AT BSIV,Oct-19,Comprehensive,Diesel,7,57000.0,First Owner,Automatic,2019,11.36,2755.0,2755.0,1715.0,17.5,-0.04256052643554164
671,2018 Renault Duster 85PS Diesel RxS,Jun-18,Comprehensive,Diesel,5,75206.0,First Owner,Manual,2018,19.87,1461.0,1461.0,838.0,6.49,-0.04573856332516071
672,2019 Jeep Compass 1.4 Limited Option,2019,Third Party insurance,Petrol,5,40000.0,Second Owner,Automatic,2019,16.0,1368.0,1368.0,160.0,15.0,-0.043282151524011
673,2016 Mercedes-Benz CLA 200 CDI Sport,Jul-16,Third Party insurance,Diesel,5,42000.0,Second Owner,Automatic,2016,17.9,2143.0,2143.0,136.0,17.6,-0.04253166143200287
674,2016 Hyundai Grand i10 Sportz,Jan-17,Comprehensive,Petrol,5,96241.0,First Owner,Manual,2016,18.9,1197.0,1197.0,82.0,3.77,-0.046523691421415374
675,2022 Maruti Ertiga ZXI CNG,Aug-22,Comprehensive,CNG,7,34214.0,First Owner,Manual,2022,26.11,1462.0,1462.0,8663.0,12.75,-0.04393161410363343
676,2015 Maruti Ciaz ZXi,Dec-15,Comprehensive,Petrol,5,55818.0,First Owner,Manual,2015,20.73,1373.0,1373.0,911.0,6.61,-0.04570392532091418
677,2020 Land Rover Range Rover Velar R-Dynamic S Petrol,Jul-20,Comprehensive,Petrol,5,80000.0,First Owner,Automatic,2020,15.8,1997.0,1997.0,24674.0,68.0,-0.027983699648460533
678,2018 Maruti Wagon R LXI CNG,2018,Third Party insurance,CNG,5,40000.0,First Owner,Manual,2018,26.6,998.0,998.0,5816.0,4.0,-0.0464573019132762
679,2015 Maruti Wagon R VXi BSII,May-15,Comprehensive,Petrol,5,70516.0,First Owner,Manual,2015,998.0,671.0,671.0,90.0,3.11,-0.04671420044477128
680,2020 Maruti Wagon R ZXI AMT 1.2,Dec-20,Comprehensive,Petrol,5,48000.0,First Owner,Automatic,2020,20.52,1197.0,1197.0,8180.0,5.75,-0.04595216435134764
681,2015 BMW 5 Series 520d Luxury Line,Nov-15,Third Party insurance,Diesel,5,94000.0,First Owner,Automatic,2015,20.37,1995.0,1995.0,18774.0,16.9,-0.04273371645677428
682,2016 Hyundai Creta 1.6 Gamma SX Plus,Feb-16,Comprehensive,Petrol,5,80627.0,First Owner,Manual,2016,15.29,1591.0,1591.0,1213.0,8.16,-0.045256517766063174
683,2015 Skoda Rapid 1.6 MPI AT Elegance Plus Black Package,Feb-15,Comprehensive,Petrol,5,49000.0,First Owner,Automatic,2015,14.3,1598.0,1598.0,10352.0,5.25,-0.04609648936904151
684,2017 BMW X1 sDrive20d Expedition,2017,Third Party insurance,Diesel,5,32000.0,1995 cc,2017,Power Steering,1995.0,188.0,188.0,400.0,18.2,-0.042358471410770225
685,2020 Lexus RX 450hL,Nov-20,Comprehensive,Petrol,5,19000.0,First Owner,Automatic,2020,18.8,3456.0,3456.0,25881.0,82.0,-0.023942599153032106
686,2017 Honda WR-V i-VTEC VX,Nov-17,Comprehensive,Petrol,5,53311.0,First Owner,Manual,2017,17.5,1199.0,1199.0,887.0,6.75,-0.0456635143159599
687,2018 Hyundai i20 Magna Plus BSIV,Dec-18,Comprehensive,Petrol,5,70000.0,First Owner,Manual,2018,18.6,1197.0,1197.0,8186.0,5.85,-0.045923299347808866
688,2016 Hyundai i20 Magna 1.2,Apr-16,Comprehensive,Petrol,5,108836.0,First Owner,Manual,2016,18.6,1197.0,1197.0,8183.0,4.49,-0.0463158633959362
689,2018 BMW X5 xDrive30d Edition X,Jul-18,Comprehensive,Diesel,5,40000.0,First Owner,Automatic,2018,15.97,2993.0,2993.0,258.0,42.5,-0.03534427555084802
690,2017 Maruti Vitara Brezza ZDi,2017,Third Party insurance,Diesel,5,120000.0,First Owner,Manual,2017,24.3,1248.0,1248.0,885.0,6.0,-0.045880001842500705
691,2016 Maruti Ciaz AT ZXi,Oct-16,Comprehensive,Petrol,5,44525.0,First Owner,Automatic,2016,19.12,1373.0,1373.0,911.0,6.93,-0.0456115573095901
692,2017 BMW X1 sDrive20d Expedition,2017,Third Party insurance,Diesel,5,31500.0,1995 cc,2017,Power Steering,1995.0,188.0,188.0,400.0,19.5,-0.04198322636476615
693,2015 BMW X5 xDrive 30d Design Pure Experience 5 Seater,Sep-15,Comprehensive,Diesel,5,80000.0,First Owner,Automatic,2015,15.97,2993.0,2993.0,258.0,26.5,-0.03996267611705194
694,2018 Honda WR-V i-VTEC VX,Aug-18,Comprehensive,Petrol,5,64862.0,First Owner,Manual,2018,17.5,1199.0,1199.0,887.0,6.07,-0.045859796340023566
695,2012 Honda City V MT,2012,Third Party insurance,Petrol,5,100000.0,Second Owner,Manual,2012,16.8,1497.0,1497.0,1163.0,2.95,-0.04676038445043333
696,2016 Maruti Baleno 1.2 Alpha,May-16,Comprehensive,Petrol,5,63839.0,First Owner,Manual,2016,21.4,1197.0,1197.0,831.0,5.59,-0.04599834835700968
697,2022 Mercedes-Benz AMG GLC 43 4MATIC Coupe,Dec-22,Comprehensive,Petrol,5,14000.0,First Owner,Automatic,2022,2996.0,38487.0,38487.0,520.0,81.9,-0.02397146415657088
698,2014 Hyundai Grand i10 Asta,2014,Third Party insurance,Petrol,5,50000.0,First Owner,Manual,2014,18.9,1197.0,1197.0,82.0,3.75,-0.04652946442212313
699,2019 Mahindra XUV300 W8 Diesel BSIV,Jan-19,Comprehensive,Diesel,5,113820.0,First Owner,Manual,2019,20.0,1497.0,1497.0,115.0,7.89,-0.04533445327561787
700,2017 Maruti Ciaz ZDi Plus SHVS,2017,Third Party insurance,Diesel,5,110000.0,First Owner,Manual,2017,28.09,1248.0,1248.0,885.0,5.0,-0.04616865187788845
701,2018 Hyundai Creta 1.6 E Plus,Nov-18,Third Party insurance,Petrol,5,31000.0,First Owner,Manual,2018,15.8,1591.0,1591.0,1213.0,8.65,-0.045115079248723176
702,2018 Maruti Swift Dzire AMT ZDI,Mar-18,Comprehensive,Diesel,5,97610.0,First Owner,Automatic,2018,28.4,1248.0,1248.0,7402.0,5.64,-0.045983915855240295
703,2019 Nissan Sunny XV CVT,Jun-19,Comprehensive,Petrol,5,44000.0,First Owner,Automatic,2019,17.5,1498.0,1498.0,996.0,6.25,-0.04580783933365377
704,2019 Mercedes-Benz C-Class Prime C 220d,Mar-20,Third Party insurance,Diesel,5,34496.0,First Owner,Automatic,2019,12.6,1950.0,1950.0,194.0,39.0,-0.03635455067470513
705,2023 Mercedes-Benz GLS 400d 4MATIC BSVI,Jul-23,Third Party insurance,Diesel,7,16000.0,First Owner,Automatic,2023,2925.0,3258640000000.0,3258640000000.0,700.0,1.32,-0.04723088400811535
706,2016 Maruti Baleno 1.2 Alpha,Mar-16,Comprehensive,Petrol,5,75163.0,First Owner,Manual,2016,21.4,1197.0,1197.0,831.0,5.14,-0.04612824087293417
707,2022 Maruti Ciaz Alpha BSVI,Oct-22,Third Party insurance,Petrol,5,6900.0,First Owner,Manual,2022,20.65,1462.0,1462.0,10325.0,10.25,-0.04465323919210279
708,2015 Honda Amaze S i-Vtech,Jun-15,Comprehensive,Petrol,5,89961.0,Second Owner,Manual,2015,18.0,1198.0,1198.0,867.0,3.74,-0.046532350922477005
709,2022 BMW 3 Series Gran Limousine 320Ld Luxury Line,Dec-22,Comprehensive,Diesel,5,4000.0,First Owner,Automatic,2022,19.62,1995.0,1995.0,18740.0,54.0,-0.03202480014388896
710,2021 Tata Harrier XZA Plus AT,Oct-21,Comprehensive,Diesel,5,54000.0,First Owner,Automatic,2021,14.6,1956.0,1956.0,16767.0,17.5,-0.04256052643554164
711,2019 Maruti Swift AMT ZXI Plus,Mar-19,Comprehensive,Petrol,5,58740.0,Second Owner,Automatic,2019,21.21,1197.0,1197.0,8180.0,5.99,-0.04588288834285458
712,2019 Toyota Innova Crysta 2.8 GX AT BSIV,2019,Third Party insurance,Diesel,7,100000.0,First Owner,Automatic,2019,11.36,2755.0,2755.0,1715.0,15.5,-0.04313782650631713
713,2020 Land Rover Range Rover Velar R-Dynamic S Petrol,Oct-22,Comprehensive,Petrol,5,18700.0,First Owner,Automatic,2020,15.8,1997.0,1997.0,24674.0,83.0,-0.023653949117644364
714,2017 Honda Amaze S i-VTEC,Apr-17,Comprehensive,Petrol,5,83690.0,First Owner,Manual,2017,17.8,1198.0,1198.0,867.0,4.54,-0.046301430894166815
715,2018 Mercedes-Benz E-Class Expression E 200 BSIV,Nov-18,Third Party insurance,Petrol,5,11000.0,First Owner,Automatic,2018,15.0,1991.0,1991.0,1944.0,50.0,-0.03317940028543994
716,2012 Toyota Etios Liva G,Jul-12,Comprehensive,Petrol,5,50900.0,First Owner,Manual,2012,17.71,1197.0,1197.0,789.0,2.95,-0.04676038445043333
717,2021 Mercedes-Benz E-Class Exclusive E 220d,Dec-21,Comprehensive,Diesel,5,25000.0,First Owner,Automatic,2021,16.1,1950.0,1950.0,19176.0,64.0,-0.02913829979001151
718,2015 Hyundai Grand i10 Asta Option,May-15,Comprehensive,Petrol,5,78651.0,First Owner,Manual,2015,18.9,1197.0,1197.0,82.0,3.79,-0.04651791842070762
719,2019 Maruti Ciaz Zeta BSIV,Feb-19,Comprehensive,Petrol,5,50000.0,First Owner,Manual,2019,21.56,1462.0,1462.0,10325.0,7.5,-0.04544702678941909
720,2023 Volkswagen Virtus Highline BSVI,Apr-23,Comprehensive,Petrol,5,9818.0,First Owner,Manual,2023,19.4,999.0,999.0,11398.0,13.9,-0.04359966656293752
721,2019 Maruti SX4 S Cross Zeta DDiS 200 SH,Jul-19,Comprehensive,Diesel,5,49230.0,First Owner,Manual,2019,25.1,1248.0,1248.0,885.0,8.7,-0.0451006467469538
722,2018 Hyundai Verna VTVT 1.6 AT EX,Mar-18,Comprehensive,Petrol,5,65000.0,First Owner,Automatic,2018,17.0,1591.0,1591.0,1213.0,8.85,-0.04505734924164563
723,2017 BMW X1 sDrive 20d xLine,May-17,Comprehensive,Diesel,5,69000.0,First Owner,Automatic,2017,20.68,1995.0,1995.0,188.0,19.9,-0.041867766350611055
724,2023 Mercedes-Benz GLS 400d 4MATIC BSVI,Jul-23,Third Party insurance,Diesel,7,16000.0,First Owner,Automatic,2023,2925.0,3258640000000.0,3258640000000.0,700.0,1.32,-0.04723088400811535
725,2016 Maruti Baleno 1.2 Alpha,Mar-16,Comprehensive,Petrol,5,75163.0,First Owner,Manual,2016,21.4,1197.0,1197.0,831.0,5.14,-0.04612824087293417
726,2022 Maruti Ciaz Alpha BSVI,Oct-22,Third Party insurance,Petrol,5,6900.0,First Owner,Manual,2022,20.65,1462.0,1462.0,10325.0,10.25,-0.04465323919210279
727,2015 Honda Amaze S i-Vtech,Jun-15,Comprehensive,Petrol,5,89961.0,Second Owner,Manual,2015,18.0,1198.0,1198.0,867.0,3.74,-0.046532350922477005
728,2022 BMW 3 Series Gran Limousine 320Ld Luxury Line,Dec-22,Comprehensive,Diesel,5,4000.0,First Owner,Automatic,2022,19.62,1995.0,1995.0,18740.0,54.0,-0.03202480014388896
729,2021 Tata Harrier XZA Plus AT,Oct-21,Comprehensive,Diesel,5,54000.0,First Owner,Automatic,2021,14.6,1956.0,1956.0,16767.0,17.5,-0.04256052643554164
730,2019 Maruti Swift AMT ZXI Plus,Mar-19,Comprehensive,Petrol,5,58740.0,Second Owner,Automatic,2019,21.21,1197.0,1197.0,8180.0,5.99,-0.04588288834285458
731,2019 Toyota Innova Crysta 2.8 GX AT BSIV,2019,Third Party insurance,Diesel,7,100000.0,First Owner,Automatic,2019,11.36,2755.0,2755.0,1715.0,15.5,-0.04313782650631713
732,2020 Land Rover Range Rover Velar R-Dynamic S Petrol,Oct-22,Comprehensive,Petrol,5,18700.0,First Owner,Automatic,2020,15.8,1997.0,1997.0,24674.0,83.0,-0.023653949117644364
733,2017 Honda Amaze S i-VTEC,Apr-17,Comprehensive,Petrol,5,83690.0,First Owner,Manual,2017,17.8,1198.0,1198.0,867.0,4.54,-0.046301430894166815
734,2018 Mercedes-Benz E-Class Expression E 200 BSIV,Nov-18,Third Party insurance,Petrol,5,11000.0,First Owner,Automatic,2018,15.0,1991.0,1991.0,1944.0,50.0,-0.03317940028543994
735,2012 Toyota Etios Liva G,Jul-12,Comprehensive,Petrol,5,50900.0,First Owner,Manual,2012,17.71,1197.0,1197.0,789.0,2.95,-0.04676038445043333
736,2021 Mercedes-Benz E-Class Exclusive E 220d,Dec-21,Comprehensive,Diesel,5,25000.0,First Owner,Automatic,2021,16.1,1950.0,1950.0,19176.0,64.0,-0.02913829979001151
737,2015 Hyundai Grand i10 Asta Option,May-15,Comprehensive,Petrol,5,78651.0,First Owner,Manual,2015,18.9,1197.0,1197.0,82.0,3.79,-0.04651791842070762
738,2019 Maruti Ciaz Zeta BSIV,Feb-19,Comprehensive,Petrol,5,50000.0,First Owner,Manual,2019,21.56,1462.0,1462.0,10325.0,7.5,-0.04544702678941909
739,2023 Volkswagen Virtus Highline BSVI,Apr-23,Comprehensive,Petrol,5,9818.0,First Owner,Manual,2023,19.4,999.0,999.0,11398.0,13.9,-0.04359966656293752
740,2019 Maruti SX4 S Cross Zeta DDiS 200 SH,Jul-19,Comprehensive,Diesel,5,49230.0,First Owner,Manual,2019,25.1,1248.0,1248.0,885.0,8.7,-0.0451006467469538
741,2018 Hyundai Verna VTVT 1.6 AT EX,Mar-18,Comprehensive,Petrol,5,65000.0,First Owner,Automatic,2018,17.0,1591.0,1591.0,1213.0,8.85,-0.04505734924164563
742,2017 BMW X1 sDrive 20d xLine,May-17,Comprehensive,Diesel,5,69000.0,First Owner,Automatic,2017,20.68,1995.0,1995.0,188.0,19.9,-0.041867766350611055
743,2018 Jeep Compass 2.0 Sport,Nov-18,Third Party insurance,Diesel,5,67000.0,First Owner,Manual,2018,17.1,1956.0,1956.0,170.0,10.9,-0.04446561666910075
744,2018 Ford Ecosport 1.5 Petrol Titanium BSIV,Jul-18,Comprehensive,Petrol,5,76685.0,First Owner,Manual,2018,17.0,1497.0,1497.0,12131.0,6.95,-0.045605784308882354
745,2017 BMW X1 sDrive20d Expedition,2017,Third Party insurance,Diesel,5,30000.0,1995 cc,2017,Power Steering,1995.0,188.0,188.0,400.0,19.5,-0.04198322636476615
746,2019 Nissan Kicks XV Premium D BSIV,Jan-20,Comprehensive,Diesel,5,101954.0,First Owner,Manual,2019,20.45,1461.0,1461.0,1085.0,6.68,-0.04568371981843704
747,2017 Ford Endeavour 3.2 Titanium AT 4X4,Jul-17,Comprehensive,Diesel,7,42000.0,Second Owner,Automatic,2017,10.91,3198.0,3198.0,197.0,24.5,-0.040539976187827426
748,2017 Honda Jazz 1.2 S i VTEC,Jul-17,Third Party insurance,Petrol,5,42000.0,First Owner,Manual,2017,18.7,1199.0,1199.0,887.0,5.45,-0.046038759361963964
749,2016 Hyundai Grand i10 Asta Option AT,Aug-16,Comprehensive,Petrol,5,68897.0,First Owner,Automatic,2016,18.9,1197.0,1197.0,82.0,5.0,-0.04616865187788845
750,2017 BMW X1 sDrive20d Expedition,2017,Third Party insurance,Diesel,5,30000.0,1995 cc,2017,Power Steering,1995.0,188.0,188.0,400.0,19.5,-0.04198322636476615
751,2021 BMW 6 Series GT 630i M Sport,Dec-21,Third Party insurance,Petrol,4,26000.0,First Owner,Automatic,2021,13.32,1998.0,1998.0,25479.0,65.0,-0.028849649754623768
752,2017 Maruti SX4 S Cross DDiS 200 Zeta,Feb-17,Comprehensive,Diesel,5,105568.0,Second Owner,Manual,2017,23.65,1248.0,1248.0,885.0,4.63,-0.046275452390981915
753,2018 Ford Endeavour 2.2 Trend AT 4X2,Aug-18,Third Party insurance,Diesel,7,54000.0,First Owner,Automatic,2018,12.62,2198.0,2198.0,158.0,24.0,-0.0406843012055213
754,2019 Hyundai Venue SX Plus Turbo DCT,Jul-19,Comprehensive,Petrol,5,61383.0,First Owner,Automatic,2019,18.15,998.0,998.0,11835.0,9.63,-0.044832202214043194
755,2015 Mercedes-Benz C-Class C 220 CDI Avantgarde,Oct-15,Comprehensive,Diesel,5,75000.0,Second Owner,Automatic,2015,19.27,2143.0,2143.0,170.0,18.5,-0.042271876400153896
756,2017 BMW X1 sDrive20d Expedition,2017,Third Party insurance,Diesel,5,32000.0,1995 cc,2017,Power Steering,1995.0,188.0,188.0,400.0,19.5,-0.04198322636476615
757,2013 Honda Amaze VX AT i-Vtech,Jul-13,Comprehensive,Petrol,5,77130.0,Second Owner,Automatic,2013,15.5,1198.0,1198.0,867.0,4.0,-0.0464573019132762
758,2018 Volvo XC40 D4 R-Design,Aug-18,Zero Dep,Diesel,5,56426.0,First Owner,Automatic,2018,18.0,1969.0,1969.0,190.0,29.9,-0.038981265996733606
759,2016 Audi Q7 45 TDI Quattro Premium Plus,Jul-16,Third Party insurance,Diesel,7,75000.0,Second Owner,Automatic,2016,14.75,2967.0,2967.0,245.0,39.9,-0.03609476564285616
760,2017 Maruti Ciaz 1.4 Delta,Oct-17,Comprehensive,Petrol,5,69018.0,First Owner,Manual,2017,20.73,1373.0,1373.0,911.0,5.75,-0.04595216435134764
761,2018 Hyundai Creta 1.6 CRDi SX Option,Dec-18,Comprehensive,Diesel,5,57000.0,First Owner,Manual,2018,19.67,1582.0,1582.0,1262.0,10.75,-0.044508914174408915
762,2018 Hyundai Creta 1.6 SX,Jul-18,Comprehensive,Petrol,5,76000.0,First Owner,Manual,2018,15.8,1591.0,1591.0,1213.0,9.3,-0.04492745672572114
763,2018 Jeep Compass 2.0 Sport,Nov-18,Third Party insurance,Diesel,5,67000.0,First Owner,Manual,2018,17.1,1956.0,1956.0,170.0,10.9,-0.04446561666910075
764,2018 Ford Ecosport 1.5 Petrol Titanium BSIV,Jul-18,Comprehensive,Petrol,5,76685.0,First Owner,Manual,2018,17.0,1497.0,1497.0,12131.0,6.95,-0.045605784308882354
765,2017 BMW X1 sDrive20d Expedition,2017,Third Party insurance,Diesel,5,30000.0,1995 cc,2017,Power Steering,1995.0,188.0,188.0,400.0,19.5,-0.04198322636476615
766,2019 Nissan Kicks XV Premium D BSIV,Jan-20,Comprehensive,Diesel,5,101954.0,First Owner,Manual,2019,20.45,1461.0,1461.0,1085.0,6.68,-0.04568371981843704
767,2017 Ford Endeavour 3.2 Titanium AT 4X4,Jul-17,Comprehensive,Diesel,7,42000.0,Second Owner,Automatic,2017,10.91,3198.0,3198.0,197.0,24.5,-0.040539976187827426
768,2017 Honda Jazz 1.2 S i VTEC,Jul-17,Third Party insurance,Petrol,5,42000.0,First Owner,Manual,2017,18.7,1199.0,1199.0,887.0,5.45,-0.046038759361963964
769,2016 Hyundai Grand i10 Asta Option AT,Aug-16,Comprehensive,Petrol,5,68897.0,First Owner,Automatic,2016,18.9,1197.0,1197.0,82.0,5.0,-0.04616865187788845
770,2017 BMW X1 sDrive20d Expedition,2017,Third Party insurance,Diesel,5,30000.0,1995 cc,2017,Power Steering,1995.0,188.0,188.0,400.0,19.5,-0.04198322636476615
771,2021 BMW 6 Series GT 630i M Sport,Dec-21,Third Party insurance,Petrol,4,26000.0,First Owner,Automatic,2021,13.32,1998.0,1998.0,25479.0,65.0,-0.028849649754623768
772,2017 Maruti SX4 S Cross DDiS 200 Zeta,Feb-17,Comprehensive,Diesel,5,105568.0,Second Owner,Manual,2017,23.65,1248.0,1248.0,885.0,4.63,-0.046275452390981915
773,2018 Ford Endeavour 2.2 Trend AT 4X2,Aug-18,Third Party insurance,Diesel,7,54000.0,First Owner,Automatic,2018,12.62,2198.0,2198.0,158.0,24.0,-0.0406843012055213
774,2019 Hyundai Venue SX Plus Turbo DCT,Jul-19,Comprehensive,Petrol,5,61383.0,First Owner,Automatic,2019,18.15,998.0,998.0,11835.0,9.63,-0.044832202214043194
775,2015 Mercedes-Benz C-Class C 220 CDI Avantgarde,Oct-15,Comprehensive,Diesel,5,75000.0,Second Owner,Automatic,2015,19.27,2143.0,2143.0,170.0,18.5,-0.042271876400153896
776,2017 BMW X1 sDrive20d Expedition,2017,Third Party insurance,Diesel,5,32000.0,1995 cc,2017,Power Steering,1995.0,188.0,188.0,400.0,19.5,-0.04198322636476615
777,2013 Honda Amaze VX AT i-Vtech,Jul-13,Comprehensive,Petrol,5,77130.0,Second Owner,Automatic,2013,15.5,1198.0,1198.0,867.0,4.0,-0.0464573019132762
778,2018 Volvo XC40 D4 R-Design,Aug-18,Zero Dep,Diesel,5,56426.0,First Owner,Automatic,2018,18.0,1969.0,1969.0,190.0,29.9,-0.038981265996733606
779,2016 Audi Q7 45 TDI Quattro Premium Plus,Jul-16,Third Party insurance,Diesel,7,75000.0,Second Owner,Automatic,2016,14.75,2967.0,2967.0,245.0,39.9,-0.03609476564285616
780,2017 Maruti Ciaz 1.4 Delta,Oct-17,Comprehensive,Petrol,5,69018.0,First Owner,Manual,2017,20.73,1373.0,1373.0,911.0,5.75,-0.04595216435134764
781,2018 Hyundai Creta 1.6 CRDi SX Option,Dec-18,Comprehensive,Diesel,5,57000.0,First Owner,Manual,2018,19.67,1582.0,1582.0,1262.0,10.75,-0.044508914174408915
782,2018 Hyundai Creta 1.6 SX,Jul-18,Comprehensive,Petrol,5,76000.0,First Owner,Manual,2018,15.8,1591.0,1591.0,1213.0,9.3,-0.04492745672572114
783,2021 MG Hector Sharp CVT,Sep-21,Comprehensive,Petrol,5,29000.0,First Owner,Automatic,2021,1451.0,141.0,141.0,250.0,16.5,-0.04284917647092939
784,2019 Hyundai Venue SX Plus Turbo DCT,Aug-19,Comprehensive,Petrol,5,65710.0,Second Owner,Automatic,2019,18.15,998.0,998.0,11835.0,8.66,-0.045112192748369306
785,2019 Maruti Vitara Brezza ZDi,Nov-19,Comprehensive,Diesel,5,51763.0,First Owner,Manual,2019,24.3,1248.0,1248.0,885.0,8.0,-0.04530270177172521
786,2021 Maruti SX4 S Cross Alpha,Jan-22,Comprehensive,Petrol,5,19133.0,First Owner,Manual,2021,18.55,1462.0,1462.0,10325.0,9.74,-0.044800450710150534
787,2018 Hyundai Tucson 2.0 Dual VTVT 2WD AT GLS,Jul-18,Third Party insurance,Petrol,5,22000.0,First Owner,Automatic,2018,12.95,1999.0,1999.0,15288.0,19.25,-0.04205538887361309
788,2016 Toyota Fortuner 4x4 AT,Jul-16,Third Party,Diesel,7,145000.0,First Owner,Automatic,2016,12.55,2982.0,2982.0,1685.0,18.0,-0.04241620141784777
789,2015 Maruti Ciaz ZXi,Jan-16,Comprehensive,Petrol,5,42733.0,First Owner,Manual,2015,20.73,1373.0,1373.0,911.0,6.82,-0.045643308813482754
790,2017 Audi A4 30 TFSI Technology,May-17,Third Party insurance,Petrol,5,30300.0,Second Owner,Automatic,2017,17.84,1395.0,1395.0,14751.0,24.8,-0.040453381177211103
791,2022 Mercedes-Benz AMG A 35 4MATIC BSVI,May-22,Comprehensive,Petrol,5,14000.0,First Owner,Automatic,2022,1991.0,30173.0,30173.0,400.0,48.5,-0.03361237533852156
792,2019 Renault Duster 85PS Diesel RxS,Aug-19,Comprehensive,Diesel,5,59215.0,Second Owner,Manual,2019,19.87,1461.0,1461.0,838.0,7.8,-0.04536043177880276
793,2018 Mercedes-Benz S-Class S 450,Mar-18,Third Party,Petrol,5,22000.0,First Owner,Automatic,2018,7.81,2996.0,2996.0,36207.0,93.0,-0.020767448763766915
794,2019 Hyundai Creta 1.6 SX Automatic,Nov-19,Comprehensive,Petrol,5,91724.0,First Owner,Automatic,2019,14.8,1591.0,1591.0,1213.0,10.76,-0.044506027674055045
795,2017 Toyota Fortuner 2.8 2WD AT BSIV,Jul-17,Comprehensive,Diesel,7,52000.0,Second Owner,Automatic,2017,12.9,2755.0,2755.0,1745.0,25.5,-0.04025132615243968
796,2020 Lexus RX 450hL,Mar-20,Comprehensive,Petrol,5,19900.0,First Owner,Automatic,2020,18.8,3456.0,3456.0,25881.0,82.0,-0.023942599153032106
797,2015 Maruti Wagon R VXi BSII,May-15,Comprehensive,Petrol,5,72503.0,First Owner,Manual,2015,998.0,671.0,671.0,90.0,3.21,-0.04668533544123251
798,2013 Mercedes-Benz E-Class E 200 CGI Avantgarde,Third Party insurance,Petrol,5 Seats,67000,1796.0,2013,Power Windows Front,Air Conditioner,285.0,17.0,17.0,5.0,16.5,-0.04284917647092939
799,2020 Mercedes-Benz GLC Coupe 300d 4MATIC BSVI,Jul-20,Comprehensive,Diesel,5,38000.0,First Owner,Automatic,2020,16.34,1950.0,1950.0,24138.0,69.5,-0.027550724595378915
800,2017 Maruti Ciaz 1.3 Alpha,Feb-18,Comprehensive,Diesel,5,67633.0,First Owner,Manual,2017,28.09,1248.0,1248.0,885.0,6.61,-0.04570392532091418
801,2019 BMW 6 Series GT 630d Luxury Line,Mar-19,Comprehensive,Diesel,4,45000.0,Second Owner,Automatic,2019,17.09,2993.0,2993.0,2614.0,43.0,-0.03519995053315415
802,2015 Honda Amaze S i-Vtech,Feb-15,Comprehensive,Petrol,5,61000.0,First Owner,Manual,2015,18.0,1198.0,1198.0,867.0,4.6,-0.046284111892043546
803,2021 MG Hector Sharp CVT,Sep-21,Comprehensive,Petrol,5,29000.0,First Owner,Automatic,2021,1451.0,141.0,141.0,250.0,16.5,-0.04284917647092939
804,2019 Hyundai Venue SX Plus Turbo DCT,Aug-19,Comprehensive,Petrol,5,65710.0,Second Owner,Automatic,2019,18.15,998.0,998.0,11835.0,8.66,-0.045112192748369306
805,2019 Maruti Vitara Brezza ZDi,Nov-19,Comprehensive,Diesel,5,51763.0,First Owner,Manual,2019,24.3,1248.0,1248.0,885.0,8.0,-0.04530270177172521
806,2021 Maruti SX4 S Cross Alpha,Jan-22,Comprehensive,Petrol,5,19133.0,First Owner,Manual,2021,18.55,1462.0,1462.0,10325.0,9.74,-0.044800450710150534
807,2018 Hyundai Tucson 2.0 Dual VTVT 2WD AT GLS,Jul-18,Third Party insurance,Petrol,5,22000.0,First Owner,Automatic,2018,12.95,1999.0,1999.0,15288.0,19.25,-0.04205538887361309
808,2016 Toyota Fortuner 4x4 AT,Jul-16,Third Party,Diesel,7,145000.0,First Owner,Automatic,2016,12.55,2982.0,2982.0,1685.0,18.0,-0.04241620141784777
809,2015 Maruti Ciaz ZXi,Jan-16,Comprehensive,Petrol,5,42733.0,First Owner,Manual,2015,20.73,1373.0,1373.0,911.0,6.82,-0.045643308813482754
810,2017 Audi A4 30 TFSI Technology,May-17,Third Party insurance,Petrol,5,30300.0,Second Owner,Automatic,2017,17.84,1395.0,1395.0,14751.0,24.8,-0.040453381177211103
811,2022 Mercedes-Benz AMG A 35 4MATIC BSVI,May-22,Comprehensive,Petrol,5,14000.0,First Owner,Automatic,2022,1991.0,30173.0,30173.0,400.0,48.5,-0.03361237533852156
812,2019 Renault Duster 85PS Diesel RxS,Aug-19,Comprehensive,Diesel,5,59215.0,Second Owner,Manual,2019,19.87,1461.0,1461.0,838.0,7.8,-0.04536043177880276
813,2018 Mercedes-Benz S-Class S 450,Mar-18,Third Party,Petrol,5,22000.0,First Owner,Automatic,2018,7.81,2996.0,2996.0,36207.0,93.0,-0.020767448763766915
814,2019 Hyundai Creta 1.6 SX Automatic,Nov-19,Comprehensive,Petrol,5,91724.0,First Owner,Automatic,2019,14.8,1591.0,1591.0,1213.0,10.76,-0.044506027674055045
815,2017 Toyota Fortuner 2.8 2WD AT BSIV,Jul-17,Comprehensive,Diesel,7,52000.0,Second Owner,Automatic,2017,12.9,2755.0,2755.0,1745.0,25.5,-0.04025132615243968
816,2020 Lexus RX 450hL,Mar-20,Comprehensive,Petrol,5,19900.0,First Owner,Automatic,2020,18.8,3456.0,3456.0,25881.0,82.0,-0.023942599153032106
817,2015 Maruti Wagon R VXi BSII,May-15,Comprehensive,Petrol,5,72503.0,First Owner,Manual,2015,998.0,671.0,671.0,90.0,3.21,-0.04668533544123251
818,2013 Mercedes-Benz E-Class E 200 CGI Avantgarde,Third Party insurance,Petrol,5 Seats,67000,1796.0,2013,Power Windows Front,Air Conditioner,285.0,17.0,17.0,5.0,16.5,-0.04284917647092939
819,2020 Mercedes-Benz GLC Coupe 300d 4MATIC BSVI,Jul-20,Comprehensive,Diesel,5,38000.0,First Owner,Automatic,2020,16.34,1950.0,1950.0,24138.0,69.5,-0.027550724595378915
820,2017 Maruti Ciaz 1.3 Alpha,Feb-18,Comprehensive,Diesel,5,67633.0,First Owner,Manual,2017,28.09,1248.0,1248.0,885.0,6.61,-0.04570392532091418
821,2019 BMW 6 Series GT 630d Luxury Line,Mar-19,Comprehensive,Diesel,4,45000.0,Second Owner,Automatic,2019,17.09,2993.0,2993.0,2614.0,43.0,-0.03519995053315415
822,2015 Honda Amaze S i-Vtech,Feb-15,Comprehensive,Petrol,5,61000.0,First Owner,Manual,2015,18.0,1198.0,1198.0,867.0,4.6,-0.046284111892043546
823,2017 Mercedes-Benz C-Class C 220 CDI Avantgarde,Dec-17,Comprehensive,Diesel,5,30000.0,First Owner,Automatic,2017,19.27,2143.0,2143.0,170.0,27.5,-0.03967402608166419
824,2017 Ford Ecosport 1.5 Ti VCT AT Titanium BSIV,Jun-17,Comprehensive,Petrol,5,103030.0,First Owner,Automatic,2017,15.63,1499.0,1499.0,1104.0,6.82,-0.045643308813482754
825,2019 Maruti XL6 Alpha,Sep-19,Third Party insurance,Petrol,6,19123.0,First Owner,Manual,2019,19.01,1462.0,1462.0,1032.0,10.25,-0.04465323919210279
826,2019 Mahindra XUV500 W9 BSIV,Apr-19,Comprehensive,Diesel,7,70767.0,First Owner,Manual,2019,15.1,2179.0,2179.0,15287.0,11.6,-0.04426356164432933
827,2019 Mercedes-Benz E-Class Expression E 200 BSIV,May-19,Zero Dep,Petrol,5,25000.0,First Owner,Automatic,2019,15.0,1991.0,1991.0,1944.0,49.75,-0.03325156279428687
828,2017 Hyundai Creta 1.6 VTVT E Plus,Mar-17,Third Party insurance,Petrol,5,58525.0,First Owner,Manual,2017,15.29,1591.0,1591.0,1213.0,8.5,-0.045158376754031344
829,2016 Maruti Baleno 1.2 Alpha,Jan-17,Comprehensive,Petrol,5,77353.0,First Owner,Manual,2016,21.4,1197.0,1197.0,831.0,5.2,-0.0461109218708109
830,2018 Maruti Baleno 1.2 Zeta,Apr-18,Comprehensive,Petrol,5,59200.0,First Owner,Manual,2018,21.4,1197.0,1197.0,831.0,6.25,-0.04580783933365377
831,2022 Mercedes-Benz GLE 300d,Dec-22,Comprehensive,Diesel,5,25000.0,Second Owner,Automatic,2022,1950.0,24138.0,24138.0,500.0,79.9,-0.024548764227346368
832,2018 Maruti SX4 S Cross Zeta DDiS 200 SH,Apr-18,Comprehensive,Diesel,5,99230.0,First Owner,Manual,2018,25.1,1248.0,1248.0,885.0,6.55,-0.045721244323037445
833,2017 Hyundai i20 1.2 Magna Executive,Apr-17,Comprehensive,Petrol,5,80000.0,First Owner,Manual,2017,18.6,1197.0,1197.0,8183.0,5.25,-0.04609648936904151
834,2018 Maruti Ciaz 1.4 Delta,Apr-18,Comprehensive,Petrol,5,50840.0,First Owner,Manual,2018,20.73,1373.0,1373.0,911.0,6.72,-0.04567217381702153
835,2023 Mercedes-Benz C-Class C 200,Jul-23,Comprehensive,Petrol,5,1000.0,First Owner,Automatic,2023,16.9,1496.0,1496.0,20115.0,59.75,-0.030365062440409426
836,2012 Honda City V AT,2012,Third Party insurance,Petrol,5,150000.0,First Owner,Automatic,2012,15.6,1497.0,1497.0,1163.0,4.5,-0.04631297689558232
837,2017 Maruti Baleno 1.2 Zeta,May-17,Comprehensive,Petrol,5,111142.0,First Owner,Manual,2017,21.4,1197.0,1197.0,831.0,5.01,-0.04616576537753458
838,2014 Mercedes-Benz C-Class 200 K AT,Jul-14,Comprehensive,Petrol,5,133477.0,First Owner,Automatic,2014,11.7,1796.0,1796.0,178.0,8.5,-0.045158376754031344
839,2021 Toyota Fortuner 4X4 Diesel AT,Mar-21,Comprehensive,Diesel,7,23000.0,First Owner,Automatic,2021,2755.0,20115.0,20115.0,500.0,43.0,-0.03519995053315415
840,2018 Maruti SX4 S Cross Zeta DDiS 200 SH,May-18,Comprehensive,Diesel,5,120802.0,First Owner,Manual,2018,25.1,1248.0,1248.0,885.0,5.97,-0.045888661343562336
841,2021 Tata Safari XZA Plus (O) Adventure Edition AT BSVI,Dec-21,Comprehensive,Diesel,7,41000.0,Second Owner,Automatic,2021,14.08,1956.0,1956.0,16767.0,20.0,-0.04183890134707228
842,2015 Toyota Camry Hybrid,2015,Third Party insurance,Petrol,5,50000.0,Second Owner,Automatic,2015,19.16,2494.0,2494.0,1577.0,12.5,-0.044003776612480366
843,2017 Mercedes-Benz C-Class C 220 CDI Avantgarde,Dec-17,Comprehensive,Diesel,5,30000.0,First Owner,Automatic,2017,19.27,2143.0,2143.0,170.0,27.5,-0.03967402608166419
844,2017 Ford Ecosport 1.5 Ti VCT AT Titanium BSIV,Jun-17,Comprehensive,Petrol,5,103030.0,First Owner,Automatic,2017,15.63,1499.0,1499.0,1104.0,6.82,-0.045643308813482754
845,2019 Maruti XL6 Alpha,Sep-19,Third Party insurance,Petrol,6,19123.0,First Owner,Manual,2019,19.01,1462.0,1462.0,1032.0,10.25,-0.04465323919210279
846,2019 Mahindra XUV500 W9 BSIV,Apr-19,Comprehensive,Diesel,7,70767.0,First Owner,Manual,2019,15.1,2179.0,2179.0,15287.0,11.6,-0.04426356164432933
847,2019 Mercedes-Benz E-Class Expression E 200 BSIV,May-19,Zero Dep,Petrol,5,25000.0,First Owner,Automatic,2019,15.0,1991.0,1991.0,1944.0,49.75,-0.03325156279428687
848,2017 Hyundai Creta 1.6 VTVT E Plus,Mar-17,Third Party insurance,Petrol,5,58525.0,First Owner,Manual,2017,15.29,1591.0,1591.0,1213.0,8.5,-0.045158376754031344
849,2016 Maruti Baleno 1.2 Alpha,Jan-17,Comprehensive,Petrol,5,77353.0,First Owner,Manual,2016,21.4,1197.0,1197.0,831.0,5.2,-0.0461109218708109
850,2018 Maruti Baleno 1.2 Zeta,Apr-18,Comprehensive,Petrol,5,59200.0,First Owner,Manual,2018,21.4,1197.0,1197.0,831.0,6.25,-0.04580783933365377
851,2022 Mercedes-Benz GLE 300d,Dec-22,Comprehensive,Diesel,5,25000.0,Second Owner,Automatic,2022,1950.0,24138.0,24138.0,500.0,79.9,-0.024548764227346368
852,2018 Maruti SX4 S Cross Zeta DDiS 200 SH,Apr-18,Comprehensive,Diesel,5,99230.0,First Owner,Manual,2018,25.1,1248.0,1248.0,885.0,6.55,-0.045721244323037445
853,2017 Hyundai i20 1.2 Magna Executive,Apr-17,Comprehensive,Petrol,5,80000.0,First Owner,Manual,2017,18.6,1197.0,1197.0,8183.0,5.25,-0.04609648936904151
854,2018 Maruti Ciaz 1.4 Delta,Apr-18,Comprehensive,Petrol,5,50840.0,First Owner,Manual,2018,20.73,1373.0,1373.0,911.0,6.72,-0.04567217381702153
855,2023 Mercedes-Benz C-Class C 200,Jul-23,Comprehensive,Petrol,5,1000.0,First Owner,Automatic,2023,16.9,1496.0,1496.0,20115.0,59.75,-0.030365062440409426
856,2012 Honda City V AT,2012,Third Party insurance,Petrol,5,150000.0,First Owner,Automatic,2012,15.6,1497.0,1497.0,1163.0,4.5,-0.04631297689558232
857,2017 Maruti Baleno 1.2 Zeta,May-17,Comprehensive,Petrol,5,111142.0,First Owner,Manual,2017,21.4,1197.0,1197.0,831.0,5.01,-0.04616576537753458
858,2014 Mercedes-Benz C-Class 200 K AT,Jul-14,Comprehensive,Petrol,5,133477.0,First Owner,Automatic,2014,11.7,1796.0,1796.0,178.0,8.5,-0.045158376754031344
859,2021 Toyota Fortuner 4X4 Diesel AT,Mar-21,Comprehensive,Diesel,7,23000.0,First Owner,Automatic,2021,2755.0,20115.0,20115.0,500.0,43.0,-0.03519995053315415
860,2018 Maruti SX4 S Cross Zeta DDiS 200 SH,May-18,Comprehensive,Diesel,5,120802.0,First Owner,Manual,2018,25.1,1248.0,1248.0,885.0,5.97,-0.045888661343562336
861,2021 Tata Safari XZA Plus (O) Adventure Edition AT BSVI,Dec-21,Comprehensive,Diesel,7,41000.0,Second Owner,Automatic,2021,14.08,1956.0,1956.0,16767.0,20.0,-0.04183890134707228
862,2015 Toyota Camry Hybrid,2015,Third Party insurance,Petrol,5,50000.0,Second Owner,Automatic,2015,19.16,2494.0,2494.0,1577.0,12.5,-0.044003776612480366
863,2021 Mercedes-Benz S-Class S 350 d,Aug-23,Comprehensive,Diesel,5,7900.0,First Owner,Automatic,2021,13.5,2925.0,2925.0,28161.0,1.5,-0.04717892700174556
864,2019 Maruti Ciaz Alpha AT BSVI,May-19,Comprehensive,Petrol,5,42334.0,First Owner,Automatic,2019,20.04,1462.0,1462.0,10325.0,8.29,-0.045218993261462774
865,2012 Honda City V AT,2012,Third Party insurance,Petrol,5,150000.0,First Owner,Automatic,2012,15.6,1497.0,1497.0,1163.0,4.25,-0.04638513940442926
866,2015 Maruti Swift Dzire VXI,Dec-15,Comprehensive,Petrol,5,98275.0,First Owner,Manual,2015,20.85,1197.0,1197.0,8314.0,3.97,-0.04646596141433783
867,2019 Land Rover Range Rover 3.0 Diesel LWB Vogue,Apr-19,Third Party insurance,Diesel,5,57500.0,Second Owner,Automatic,2019,13.33,2995.0,2995.0,33525.0,1.8,-0.04709233199112923
868,2018 Honda WR-V i-VTEC VX,Dec-18,Third Party insurance,Petrol,5,65000.0,First Owner,Manual,2018,17.5,1199.0,1199.0,887.0,6.85,-0.04563464931242112
869,2018 Hyundai Verna VTVT 1.6 SX,Apr-18,Comprehensive,Petrol,5,52235.0,Second Owner,Manual,2018,17.0,1591.0,1591.0,1213.0,7.45,-0.04546145929118848
870,2015 Honda City i VTEC V,Nov-15,Comprehensive,Petrol,5,50158.0,First Owner,Manual,2015,17.4,1497.0,1497.0,1173.0,6.95,-0.045605784308882354
871,2020 Mercedes-Benz E-Class Exclusive E 220d,Jul-20,Comprehensive,Diesel,5,34000.0,Second Owner,Automatic,2020,16.1,1950.0,1950.0,1917.0,44.9,-0.03465151546591744
872,2017 Nissan Sunny XV CVT,Sep-17,Comprehensive,Petrol,5,69820.0,First Owner,Automatic,2017,17.5,1498.0,1498.0,996.0,5.44,-0.04604164586231784
873,2019 Toyota Innova Crysta 2.8 ZX AT BSIV,Aug-19,Comprehensive,Diesel,7,71000.0,First Owner,Automatic,2019,11.36,2755.0,2755.0,1715.0,20.5,-0.041694576329378404
874,2018 Maruti Ignis 1.2 AMT Alpha BSIV,Sep-18,Comprehensive,Petrol,5,82415.0,First Owner,Automatic,2018,20.89,1197.0,1197.0,8180.0,5.34,-0.04607051086585662
875,2017 Mercedes-Benz GLS 350d 4MATIC,Jul-17,Third Party insurance,Diesel,7,70000.0,Second Owner,Automatic,2017,11.0,2987.0,2987.0,258.0,51.5,-0.03274642523235832
876,2012 Honda City V AT,2012,Third Party insurance,Petrol,5,150000.0,First Owner,Automatic,2012,15.6,1497.0,1497.0,1163.0,4.5,-0.04631297689558232
877,2018 Renault Duster 110PS Diesel RxZ AMT,Oct-18,Comprehensive,Diesel,5,71070.0,First Owner,Automatic,2018,19.6,1461.0,1461.0,10845.0,7.22,-0.045527848799327655
878,2016 Mercedes-Benz B Class B180 Sport,Apr-16,Third Party insurance,Petrol,5,83000.0,First Owner,Automatic,2016,14.8,1595.0,1595.0,12069.0,12.65,-0.0439604791071722
879,2020 Hyundai Venue SX Turbo,Jun-20,Comprehensive,Petrol,5,107834.0,First Owner,Manual,2020,18.27,998.0,998.0,11835.0,7.99,-0.04530558827207909
880,2018 Maruti Baleno Alpha,Oct-18,Comprehensive,Petrol,5,55000.0,First Owner,Manual,2018,21.01,1197.0,1197.0,8180.0,6.75,-0.0456635143159599
881,2017 Mercedes-Benz GLE 400 4MATIC,Oct-17,Comprehensive,Petrol,5,55000.0,First Owner,Automatic,2017,9.7,2996.0,2996.0,32855.0,45.45,-0.03449275794645418
882,2021 Mercedes-Benz S-Class S 350 d,Aug-23,Comprehensive,Diesel,5,7900.0,First Owner,Automatic,2021,13.5,2925.0,2925.0,28161.0,1.5,-0.04717892700174556
883,2019 Maruti Ciaz Alpha AT BSVI,May-19,Comprehensive,Petrol,5,42334.0,First Owner,Automatic,2019,20.04,1462.0,1462.0,10325.0,8.29,-0.045218993261462774
884,2012 Honda City V AT,2012,Third Party insurance,Petrol,5,150000.0,First Owner,Automatic,2012,15.6,1497.0,1497.0,1163.0,4.25,-0.04638513940442926
885,2015 Maruti Swift Dzire VXI,Dec-15,Comprehensive,Petrol,5,98275.0,First Owner,Manual,2015,20.85,1197.0,1197.0,8314.0,3.97,-0.04646596141433783
886,2019 Land Rover Range Rover 3.0 Diesel LWB Vogue,Apr-19,Third Party insurance,Diesel,5,57500.0,Second Owner,Automatic,2019,13.33,2995.0,2995.0,33525.0,1.8,-0.04709233199112923
887,2018 Honda WR-V i-VTEC VX,Dec-18,Third Party insurance,Petrol,5,65000.0,First Owner,Manual,2018,17.5,1199.0,1199.0,887.0,6.85,-0.04563464931242112
888,2018 Hyundai Verna VTVT 1.6 SX,Apr-18,Comprehensive,Petrol,5,52235.0,Second Owner,Manual,2018,17.0,1591.0,1591.0,1213.0,7.45,-0.04546145929118848
889,2015 Honda City i VTEC V,Nov-15,Comprehensive,Petrol,5,50158.0,First Owner,Manual,2015,17.4,1497.0,1497.0,1173.0,6.95,-0.045605784308882354
890,2020 Mercedes-Benz E-Class Exclusive E 220d,Jul-20,Comprehensive,Diesel,5,34000.0,Second Owner,Automatic,2020,16.1,1950.0,1950.0,1917.0,44.9,-0.03465151546591744
891,2017 Nissan Sunny XV CVT,Sep-17,Comprehensive,Petrol,5,69820.0,First Owner,Automatic,2017,17.5,1498.0,1498.0,996.0,5.44,-0.04604164586231784
892,2019 Toyota Innova Crysta 2.8 ZX AT BSIV,Aug-19,Comprehensive,Diesel,7,71000.0,First Owner,Automatic,2019,11.36,2755.0,2755.0,1715.0,20.5,-0.041694576329378404
893,2018 Maruti Ignis 1.2 AMT Alpha BSIV,Sep-18,Comprehensive,Petrol,5,82415.0,First Owner,Automatic,2018,20.89,1197.0,1197.0,8180.0,5.34,-0.04607051086585662
894,2017 Mercedes-Benz GLS 350d 4MATIC,Jul-17,Third Party insurance,Diesel,7,70000.0,Second Owner,Automatic,2017,11.0,2987.0,2987.0,258.0,51.5,-0.03274642523235832
895,2012 Honda City V AT,2012,Third Party insurance,Petrol,5,150000.0,First Owner,Automatic,2012,15.6,1497.0,1497.0,1163.0,4.5,-0.04631297689558232
896,2018 Renault Duster 110PS Diesel RxZ AMT,Oct-18,Comprehensive,Diesel,5,71070.0,First Owner,Automatic,2018,19.6,1461.0,1461.0,10845.0,7.22,-0.045527848799327655
897,2016 Mercedes-Benz B Class B180 Sport,Apr-16,Third Party insurance,Petrol,5,83000.0,First Owner,Automatic,2016,14.8,1595.0,1595.0,12069.0,12.65,-0.0439604791071722
898,2020 Hyundai Venue SX Turbo,Jun-20,Comprehensive,Petrol,5,107834.0,First Owner,Manual,2020,18.27,998.0,998.0,11835.0,7.99,-0.04530558827207909
899,2018 Maruti Baleno Alpha,Oct-18,Comprehensive,Petrol,5,55000.0,First Owner,Manual,2018,21.01,1197.0,1197.0,8180.0,6.75,-0.0456635143159599
900,2017 Mercedes-Benz GLE 400 4MATIC,Oct-17,Comprehensive,Petrol,5,55000.0,First Owner,Automatic,2017,9.7,2996.0,2996.0,32855.0,45.45,-0.03449275794645418
901,2020 Volvo XC60 D5 Inscription,Aug-20,Comprehensive,Diesel,5,25000.0,Second Owner,Automatic,2020,11.2,2400.0,2400.0,215.0,52.0,-0.03260210021466445
902,2014 Maruti Ritz VXi,Jun-15,Comprehensive,Petrol,5,48539.0,Second Owner,Manual,2014,1197.0,8580.0,8580.0,114.0,3.21,-0.04668533544123251
903,2015 Honda City V MT,Sep-15,Comprehensive,Petrol,5,65000.0,First Owner,Manual,2015,16.8,1497.0,1497.0,1163.0,6.25,-0.04580783933365377
904,2014 Hyundai Grand i10 Sportz,May-14,Comprehensive,Petrol,5,86916.0,Second Owner,Manual,2014,18.9,1197.0,1197.0,82.0,3.68,-0.04654966992460027
905,2016 Lexus RX 450h F-Sport,Apr-16,Comprehensive,Petrol,5,11000.0,First Owner,Automatic,2016,18.8,3456.0,3456.0,259.0,66.0,-0.02856099971923602
906,2019 Tata Nexon 1.2 Revotron XZA Plus DualTone,Mar-19,Comprehensive,Petrol,5,108662.0,First Owner,Automatic,2019,17.0,1198.0,1198.0,1085.0,7.12,-0.04555671380286643
907,2012 Honda City V AT,2012,Third Party insurance,Petrol,5,130000.0,First Owner,Automatic,2012,15.6,1497.0,1497.0,1163.0,4.5,-0.04631297689558232
908,2019 BMW M2 Competition,Feb-19,Comprehensive,Petrol,4,29000.0,First Owner,Automatic,2019,10.63,2979.0,2979.0,410.0,71.0,-0.0271177495422973
909,2018 Hyundai Grand i10 1.2 Kappa Asta,Sep-18,Comprehensive,Petrol,5,63307.0,First Owner,Manual,2018,18.9,1197.0,1197.0,8186.0,5.44,-0.04604164586231784
910,2018 Hyundai Tucson 2.0 e-VGT 4WD AT GLS,Nov-18,Comprehensive,Diesel,5,84000.0,First Owner,Automatic,2018,16.38,1995.0,1995.0,18246.0,15.9,-0.04302236649216203
911,2016 Maruti Baleno 1.2 Alpha,Jul-16,Comprehensive,Petrol,5,101927.0,First Owner,Manual,2016,21.4,1197.0,1197.0,831.0,5.14,-0.04612824087293417
912,2017 Mini 3 DOOR John Cooper Works 2019-2020,Nov-17,Comprehensive,Petrol,4,31900.0,Second Owner,Automatic,2017,16.47,1998.0,1998.0,231.0,31.0,-0.03866375095780709
913,2015 Mercedes-Benz E-Class E 200 CGI,Nov-15,Comprehensive,Petrol,5,76000.0,First Owner,Automatic,2015,12.0,1991.0,1991.0,18103.0,23.9,-0.04071316620906007
914,2019 Maruti Ciaz Alpha AT BSVI,Feb-19,Comprehensive,Petrol,5,40775.0,Second Owner,Automatic,2019,20.04,1462.0,1462.0,10325.0,8.14,-0.045262290766770935
915,2020 Mercedes-Benz S-Class S 350 d,Apr-20,Third Party,Diesel,5,18346.0,First Owner,Automatic,2020,13.5,2925.0,2925.0,28161.0,97.0,-0.019612848622215937
916,2021 Mercedes-Benz GLS 400d 4MATIC BSVI,Nov-21,Third Party insurance,Diesel,7,46001.0,First Owner,Automatic,2021,2925.0,3258640000000.0,3258640000000.0,700.0,1.06,-0.047305933017316164
917,2018 Maruti SX4 S Cross Alpha DDiS 200 SH,Feb-19,Comprehensive,Diesel,5,59710.0,First Owner,Manual,2018,25.1,1248.0,1248.0,885.0,7.8,-0.04536043177880276
918,2020 Honda City VX CVT,Mar-20,Comprehensive,Petrol,5,40000.0,First Owner,Automatic,2020,17.4,1497.0,1497.0,1176.0,10.95,-0.04445118416733137
919,2015 Mercedes-Benz M-Class ML 350 4Matic,May-15,Comprehensive,Diesel,5,76000.0,First Owner,Automatic,2015,2987.0,1652243800.0,1652243800.0,510.0,19.99,-0.041841787847426155
920,2020 Volvo XC60 D5 Inscription,Aug-20,Comprehensive,Diesel,5,25000.0,Second Owner,Automatic,2020,11.2,2400.0,2400.0,215.0,52.0,-0.03260210021466445
921,2014 Maruti Ritz VXi,Jun-15,Comprehensive,Petrol,5,48539.0,Second Owner,Manual,2014,1197.0,8580.0,8580.0,114.0,3.21,-0.04668533544123251
922,2015 Honda City V MT,Sep-15,Comprehensive,Petrol,5,65000.0,First Owner,Manual,2015,16.8,1497.0,1497.0,1163.0,6.25,-0.04580783933365377
923,2014 Hyundai Grand i10 Sportz,May-14,Comprehensive,Petrol,5,86916.0,Second Owner,Manual,2014,18.9,1197.0,1197.0,82.0,3.68,-0.04654966992460027
924,2016 Lexus RX 450h F-Sport,Apr-16,Comprehensive,Petrol,5,11000.0,First Owner,Automatic,2016,18.8,3456.0,3456.0,259.0,66.0,-0.02856099971923602
925,2019 Tata Nexon 1.2 Revotron XZA Plus DualTone,Mar-19,Comprehensive,Petrol,5,108662.0,First Owner,Automatic,2019,17.0,1198.0,1198.0,1085.0,7.12,-0.04555671380286643
926,2012 Honda City V AT,2012,Third Party insurance,Petrol,5,130000.0,First Owner,Automatic,2012,15.6,1497.0,1497.0,1163.0,4.5,-0.04631297689558232
927,2019 BMW M2 Competition,Feb-19,Comprehensive,Petrol,4,29000.0,First Owner,Automatic,2019,10.63,2979.0,2979.0,410.0,71.0,-0.0271177495422973
928,2018 Hyundai Grand i10 1.2 Kappa Asta,Sep-18,Comprehensive,Petrol,5,63307.0,First Owner,Manual,2018,18.9,1197.0,1197.0,8186.0,5.44,-0.04604164586231784
929,2018 Hyundai Tucson 2.0 e-VGT 4WD AT GLS,Nov-18,Comprehensive,Diesel,5,84000.0,First Owner,Automatic,2018,16.38,1995.0,1995.0,18246.0,15.9,-0.04302236649216203
930,2016 Maruti Baleno 1.2 Alpha,Jul-16,Comprehensive,Petrol,5,101927.0,First Owner,Manual,2016,21.4,1197.0,1197.0,831.0,5.14,-0.04612824087293417
931,2017 Mini 3 DOOR John Cooper Works 2019-2020,Nov-17,Comprehensive,Petrol,4,31900.0,Second Owner,Automatic,2017,16.47,1998.0,1998.0,231.0,31.0,-0.03866375095780709
932,2015 Mercedes-Benz E-Class E 200 CGI,Nov-15,Comprehensive,Petrol,5,76000.0,First Owner,Automatic,2015,12.0,1991.0,1991.0,18103.0,23.9,-0.04071316620906007
933,2019 Maruti Ciaz Alpha AT BSVI,Feb-19,Comprehensive,Petrol,5,40775.0,Second Owner,Automatic,2019,20.04,1462.0,1462.0,10325.0,8.14,-0.045262290766770935
934,2020 Mercedes-Benz S-Class S 350 d,Apr-20,Third Party,Diesel,5,18346.0,First Owner,Automatic,2020,13.5,2925.0,2925.0,28161.0,97.0,-0.019612848622215937
935,2021 Mercedes-Benz GLS 400d 4MATIC BSVI,Nov-21,Third Party insurance,Diesel,7,46001.0,First Owner,Automatic,2021,2925.0,3258640000000.0,3258640000000.0,700.0,1.06,-0.047305933017316164
936,2018 Maruti SX4 S Cross Alpha DDiS 200 SH,Feb-19,Comprehensive,Diesel,5,59710.0,First Owner,Manual,2018,25.1,1248.0,1248.0,885.0,7.8,-0.04536043177880276
937,2020 Honda City VX CVT,Mar-20,Comprehensive,Petrol,5,40000.0,First Owner,Automatic,2020,17.4,1497.0,1497.0,1176.0,10.95,-0.04445118416733137
938,2015 Mercedes-Benz M-Class ML 350 4Matic,May-15,Comprehensive,Diesel,5,76000.0,First Owner,Automatic,2015,2987.0,1652243800.0,1652243800.0,510.0,19.99,-0.041841787847426155
939,2022 Audi Q7 Technology 2022-2022,Aug-22,Comprehensive,Petrol,7,8000.0,First Owner,Automatic,2022,11.21,2995.0,2995.0,33525.0,87.0,-0.022499348976093386
940,2019 Honda WR-V i-VTEC VX,Apr-19,Comprehensive,Petrol,5,67606.0,First Owner,Manual,2019,17.5,1199.0,1199.0,887.0,6.82,-0.045643308813482754
941,2016 Audi Q3 35 TDI Quattro Premium Plus,Sep-16,Third Party insurance,Diesel,5,72135.0,Second Owner,Automatic,2016,15.73,1968.0,1968.0,17433.0,15.75,-0.043065663997470194
942,2015 Hyundai i20 Asta 1.2,Jul-15,Comprehensive,Petrol,5,96658.0,First Owner,Manual,2015,18.6,1197.0,1197.0,8183.0,5.1,-0.04613978687434968
943,2017 Audi A4 30 TFSI Premium Plus,Nov-17,Zero Dep,Petrol,5,29000.0,First Owner,Automatic,2017,17.84,1395.0,1395.0,14751.0,27.25,-0.03974618859051113
944,2017 Audi Q7 45 TDI Quattro Technology,May-17,Comprehensive,Diesel,7,76000.0,Second Owner,Automatic,2017,14.75,2967.0,2967.0,245.0,45.0,-0.03462265046237866
945,2017 Maruti Ciaz 1.4 AT Alpha,Dec-17,Comprehensive,Petrol,5,26750.0,First Owner,Automatic,2017,19.12,1373.0,1373.0,911.0,8.62,-0.045123738749784814
946,2009 Mercedes-Benz S-Class S 350 L,Mar-09,Not Available,Petrol,5,92762.0,Fifth Owner,Automatic,2009,10.13,3498.0,3498.0,3649.0,8.25,-0.04523053926287828
947,2018 Jaguar XF 2.0 Diesel Portfolio,Jul-18,Comprehensive,Diesel,5,14000.0,First Owner,Automatic,2018,19.33,1999.0,1999.0,177.0,35.5,-0.037364825798562235
948,2018 Nissan Micra Active XV S,Aug-18,Comprehensive,Petrol,5,43293.0,First Owner,Manual,2018,19.49,1198.0,1198.0,6704.0,4.12,-0.04642266390902966
949,2017 Honda City 1.5 V MT Exclusive,Aug-17,Comprehensive,Petrol,5,102786.0,First Owner,Manual,2017,17.0,1497.0,1497.0,1186600.0,5.95,-0.045894434344270096
950,2015 Nissan Micra Active XV S,Dec-15,Comprehensive,Petrol,5,98751.0,First Owner,Manual,2015,19.49,1198.0,1198.0,6704.0,2.98,-0.046751724949371694
951,2017 Jeep Grand Cherokee Summit 4X4,Jul-17,Comprehensive,Diesel,5,53000.0,First Owner,Automatic,2017,12.8,2998.0,2998.0,2396.0,34.9,-0.03753801581979488
952,2017 BMW 3 Series 320d,May-17,Zero Dep,Diesel,5,54776.0,Second Owner,Automatic,2017,22.69,1995.0,1995.0,190.0,18.9,-0.0421564163859988
953,2018 Maruti Ciaz 1.3 Alpha,Jun-18,Comprehensive,Diesel,5,59870.0,First Owner,Manual,2018,28.09,1248.0,1248.0,885.0,7.27,-0.045513416297558264
954,2013 Hyundai Grand i10 1.2 Kappa Magna BSIV,Sep-13,Comprehensive,Petrol,5,50000.0,Second Owner,Manual,2013,18.9,1197.0,1197.0,8186.0,3.95,-0.04647173441504558
955,2021 Mercedes-Benz G G 350d,Apr-21,Comprehensive,Diesel,5,38000.0,First Owner,Automatic,2021,8.13,2925.0,2925.0,28161.0,2.45,-0.0469047094681272
956,2013 Maruti Ritz VXi,Jan-14,Comprehensive,Petrol,5,80330.0,First Owner,Manual,2013,1197.0,8580.0,8580.0,114.0,2.93,-0.04676615745114108
957,2015 Honda City V MT,Nov-15,Third Party insurance,Petrol,5,94000.0,First Owner,Manual,2015,16.8,1497.0,1497.0,1163.0,6.25,-0.04580783933365377
958,2018 Land Rover Discovery Sport TD4 SE,Nov-18,Zero Dep,Diesel,7,37800.0,First Owner,Automatic,2018,12.83,1999.0,1999.0,14831.0,37.9,-0.03667206571363165
959,2022 Audi Q7 Technology 2022-2022,Aug-22,Comprehensive,Petrol,7,8000.0,First Owner,Automatic,2022,11.21,2995.0,2995.0,33525.0,87.0,-0.022499348976093386
960,2019 Honda WR-V i-VTEC VX,Apr-19,Comprehensive,Petrol,5,67606.0,First Owner,Manual,2019,17.5,1199.0,1199.0,887.0,6.82,-0.045643308813482754
961,2016 Audi Q3 35 TDI Quattro Premium Plus,Sep-16,Third Party insurance,Diesel,5,72135.0,Second Owner,Automatic,2016,15.73,1968.0,1968.0,17433.0,15.75,-0.043065663997470194
962,2015 Hyundai i20 Asta 1.2,Jul-15,Comprehensive,Petrol,5,96658.0,First Owner,Manual,2015,18.6,1197.0,1197.0,8183.0,5.1,-0.04613978687434968
963,2017 Audi A4 30 TFSI Premium Plus,Nov-17,Zero Dep,Petrol,5,29000.0,First Owner,Automatic,2017,17.84,1395.0,1395.0,14751.0,27.25,-0.03974618859051113
964,2017 Audi Q7 45 TDI Quattro Technology,May-17,Comprehensive,Diesel,7,76000.0,Second Owner,Automatic,2017,14.75,2967.0,2967.0,245.0,45.0,-0.03462265046237866
965,2017 Maruti Ciaz 1.4 AT Alpha,Dec-17,Comprehensive,Petrol,5,26750.0,First Owner,Automatic,2017,19.12,1373.0,1373.0,911.0,8.62,-0.045123738749784814
966,2009 Mercedes-Benz S-Class S 350 L,Mar-09,Not Available,Petrol,5,92762.0,Fifth Owner,Automatic,2009,10.13,3498.0,3498.0,3649.0,8.25,-0.04523053926287828
967,2018 Jaguar XF 2.0 Diesel Portfolio,Jul-18,Comprehensive,Diesel,5,14000.0,First Owner,Automatic,2018,19.33,1999.0,1999.0,177.0,35.5,-0.037364825798562235
968,2018 Nissan Micra Active XV S,Aug-18,Comprehensive,Petrol,5,43293.0,First Owner,Manual,2018,19.49,1198.0,1198.0,6704.0,4.12,-0.04642266390902966
969,2017 Honda City 1.5 V MT Exclusive,Aug-17,Comprehensive,Petrol,5,102786.0,First Owner,Manual,2017,17.0,1497.0,1497.0,1186600.0,5.95,-0.045894434344270096
970,2015 Nissan Micra Active XV S,Dec-15,Comprehensive,Petrol,5,98751.0,First Owner,Manual,2015,19.49,1198.0,1198.0,6704.0,2.98,-0.046751724949371694
971,2017 Jeep Grand Cherokee Summit 4X4,Jul-17,Comprehensive,Diesel,5,53000.0,First Owner,Automatic,2017,12.8,2998.0,2998.0,2396.0,34.9,-0.03753801581979488
972,2017 BMW 3 Series 320d,May-17,Zero Dep,Diesel,5,54776.0,Second Owner,Automatic,2017,22.69,1995.0,1995.0,190.0,18.9,-0.0421564163859988
973,2018 Maruti Ciaz 1.3 Alpha,Jun-18,Comprehensive,Diesel,5,59870.0,First Owner,Manual,2018,28.09,1248.0,1248.0,885.0,7.27,-0.045513416297558264
974,2013 Hyundai Grand i10 1.2 Kappa Magna BSIV,Sep-13,Comprehensive,Petrol,5,50000.0,Second Owner,Manual,2013,18.9,1197.0,1197.0,8186.0,3.95,-0.04647173441504558
975,2021 Mercedes-Benz G G 350d,Apr-21,Comprehensive,Diesel,5,38000.0,First Owner,Automatic,2021,8.13,2925.0,2925.0,28161.0,2.45,-0.0469047094681272
976,2013 Maruti Ritz VXi,Jan-14,Comprehensive,Petrol,5,80330.0,First Owner,Manual,2013,1197.0,8580.0,8580.0,114.0,2.93,-0.04676615745114108
977,2015 Honda City V MT,Nov-15,Third Party insurance,Petrol,5,94000.0,First Owner,Manual,2015,16.8,1497.0,1497.0,1163.0,6.25,-0.04580783933365377
978,2018 Land Rover Discovery Sport TD4 SE,Nov-18,Zero Dep,Diesel,7,37800.0,First Owner,Automatic,2018,12.83,1999.0,1999.0,14831.0,37.9,-0.03667206571363165
979,2019 Audi Q7 45 TDI Quattro Premium Plus,Jul-19,Third Party insurance,Diesel,7,25000.0,First Owner,Automatic,2019,14.75,2967.0,2967.0,245.0,65.5,-0.028705324736929896
980,2019 Tata Harrier XZ BSVI,Jun-19,Comprehensive,Diesel,5,29294.0,First Owner,Manual,2019,16.35,1956.0,1956.0,16767.0,13.65,-0.043671829071784456
981,2023 Kia Seltos HTX IVT G,Apr-23,Comprehensive,Petrol,5,6800.0,First Owner,Automatic,2023,16.8,1497.0,1497.0,11342.0,16.95,-0.042719283955004905
982,2020 Ford Figo Titanium BSIV,Jan-21,Comprehensive,Petrol,5,16847.0,First Owner,Manual,2020,20.4,1194.0,1194.0,9493.0,5.94,-0.04589732084462397
983,2017 Mercedes-Benz CLA Urban Sport 200d,Jul-17,Comprehensive,Diesel,5,70000.0,Third Owner,Automatic,2017,17.9,2143.0,2143.0,1341.0,17.5,-0.04256052643554164
984,2022 Audi Q5 Technology BSVI,Oct-22,Third Party insurance,Petrol,5,25500.0,First Owner,Automatic,2022,13.47,1984.0,1984.0,24559.0,55.8,-0.03150523008019102
985,2018 Renault Duster 110PS Diesel RxZ AMT,Jun-18,Comprehensive,Diesel,5,65865.0,First Owner,Automatic,2018,19.6,1461.0,1461.0,10845.0,7.99,-0.04530558827207909
986,2021 Audi A6 45 TFSI Technology BSVI,Jul-21,Comprehensive,Petrol,5,1000.0,First Owner,Automatic,2021,14.11,1984.0,1984.0,2413.0,55.9,-0.03147636507665224
987,2018 Volvo XC60 D4 Momentum,Nov-18,Comprehensive,Diesel,5,60000.0,Second Owner,Automatic,2018,14.7,1984.0,1984.0,181.0,38.0,-0.036643200710092874
988,2020 Tata Nexon XZ Plus Diesel S,Jan-21,Comprehensive,Diesel,5,54000.0,First Owner,Manual,2020,21.19,1497.0,1497.0,10849.0,9.99,-0.044728288201303604
989,2022 BMW 3 Series M340i xDrive,Jul-22,Comprehensive,Petrol,5,5500.0,First Owner,Automatic,2022,13.02,2998.0,2998.0,36878.0,72.0,-0.026829099506909555
990,2021 Honda Jazz ZX CVT,Nov-21,Comprehensive,Petrol,5,20866.0,Second Owner,Automatic,2021,17.1,1199.0,1199.0,8850.0,8.14,-0.045262290766770935
991,2023 Maruti Baleno Alpha AMT BSVI,Apr-23,Comprehensive,Petrol,5,5000.0,First Owner,Automatic,2023,22.94,1197.0,1197.0,8850.0,9.85,-0.04476869920625789
992,2010 Maruti Swift LXI,Jul-10,Comprehensive,Petrol,5,130363.0,First Owner,Manual,2010,18.6,1197.0,1197.0,858.0,1.3,-0.0472366570088231
993,2018 Mahindra Marazzo M8,Oct-18,Comprehensive,Diesel,7,73937.0,First Owner,Manual,2018,17.3,1497.0,1497.0,121.0,8.99,-0.045016938236691346
994,2017 Hyundai Creta 1.4 E Plus CRDi,Sep-17,Comprehensive,Diesel,5,40000.0,First Owner,Manual,2017,1396.0,887.0,887.0,2197.0,7.99,-0.04530558827207909
995,2020 Mercedes-Benz GLE 300d,Oct-20,Comprehensive,Diesel,5,15000.0,Second Owner,Automatic,2020,1950.0,24138.0,24138.0,500.0,74.5,-0.026107474418440194
996,2018 Nissan Micra Active XV S,Aug-18,Comprehensive,Petrol,5,42014.0,First Owner,Manual,2018,19.49,1198.0,1198.0,6704.0,4.25,-0.04638513940442926
997,2021 MG Hector Sharp DCT,Jan-21,Comprehensive,Petrol,5,34000.0,First Owner,Automatic,2021,13.96,1451.0,1451.0,141.0,16.4,-0.04287804147446816
998,2018 Maruti Vitara Brezza ZDi Plus AMT,Mar-18,Third Party insurance,Diesel,5,73000.0,First Owner,Automatic,2018,24.3,1248.0,1248.0,885.0,7.0,-0.04559135180711296
999,2019 Maruti SX4 S Cross Zeta DDiS 200 SH,Oct-19,Comprehensive,Diesel,5,59841.0,First Owner,Manual,2019,25.1,1248.0,1248.0,885.0,8.74,-0.045089100745538284
1000,2021 Kia Seltos HTX IVT G,Nov-21,Zero Dep,Petrol,5,37000.0,First Owner,Automatic,2021,16.8,1497.0,1497.0,11342.0,15.25,-0.04320998901516407
1001,2012 Toyota Etios Liva G,Jul-12,Comprehensive,Petrol,5,81949.0,First Owner,Manual,2012,17.71,1197.0,1197.0,789.0,2.92,-0.04676904395149496
1002,2017 Hyundai i10 Magna,Nov-17,Comprehensive,Petrol,5,50000.0,First Owner,Manual,2017,1197.0,789.0,789.0,1117.0,4.25,-0.04638513940442926
1003,2013 Hyundai EON D Lite Plus,2013,Third Party insurance,Petrol,5,50000.0,Second Owner,Manual,2013,814.0,552.0,552.0,745.0,1.75,-0.04710676449289862
1004,2020 Honda City ZX CVT,Jan-21,Comprehensive,Petrol,5,34769.0,First Owner,Automatic,2020,18.3,1498.0,1498.0,11935.0,13.08,-0.04383635959195547
1005,2015 Maruti Swift LXI,Dec-15,Comprehensive,Petrol,5,79656.0,First Owner,Manual,2015,1197.0,8180.0,8180.0,113.0,3.1,-0.046717086945125164
1006,2019 Mercedes-Benz C-Class Progressive C 220d,May-19,Third Party insurance,Diesel,5,55000.0,First Owner,Automatic,2019,12.6,1950.0,1950.0,194.0,34.75,-0.03758131332510305
1007,2016 Hyundai i20 Asta Option 1.2,Jan-17,Comprehensive,Petrol,5,84310.0,First Owner,Manual,2016,18.6,1197.0,1197.0,8183.0,5.64,-0.045983915855240295
1008,2018 Hyundai Grand i10 1.2 Kappa Sportz BSIV,Sep-18,Comprehensive,Petrol,5,23000.0,First Owner,Manual,2018,18.9,1197.0,1197.0,8186.0,5.15,-0.046125354372580286
1009,2016 Nissan Micra Active XV S,Apr-16,Comprehensive,Petrol,5,79362.0,First Owner,Manual,2016,19.49,1198.0,1198.0,6704.0,3.42,-0.04662471893380109
1010,2019 BMW X4 M Sport X xDrive20d,Jul-19,Comprehensive,Diesel,5,18000.0,Second Owner,Automatic,2019,16.55,1995.0,1995.0,18774.0,49.5,-0.03332372530313381
1011,2013 Maruti Ritz VXi,Nov-13,Comprehensive,Petrol,5,102511.0,First Owner,Manual,2013,1197.0,8580.0,8580.0,114.0,2.49,-0.046893163466711685
1012,2018 Maruti Ertiga CNG VXI,Jul-18,Comprehensive,CNG,7,70000.0,First Owner,Manual,2018,26.08,1462.0,1462.0,9119.0,7.65,-0.045403729284110926
1013,2017 Mercedes-Benz GLS 350d 4MATIC,Jul-17,Comprehensive,Diesel,7,80000.0,Second Owner,Automatic,2017,11.0,2987.0,2987.0,258.0,48.5,-0.03361237533852156
1014,2015 Hyundai Grand i10 Asta,May-15,Comprehensive,Petrol,5,105446.0,First Owner,Manual,2015,18.9,1197.0,1197.0,82.0,3.75,-0.04652946442212313
1015,2015 Maruti Baleno 1.2 Delta,Nov-15,Comprehensive,Petrol,5,54000.0,First Owner,Manual,2015,21.4,1197.0,1197.0,831.0,4.25,-0.04638513940442926
1016,2013 Hyundai i10 Era,Mar-13,Comprehensive,Petrol,5,75865.0,First Owner,Manual,2013,1086.0,6805.0,6805.0,9904.0,2.65,-0.04684697946104965
1017,2020 Kia Seltos HTK Plus G,Aug-20,Third Party insurance,Petrol,5,64690.0,First Owner,Manual,2020,16.8,1497.0,1497.0,11343.0,10.0,-0.04472540170094973
1018,2022 Hyundai Venue SX BSVI,Jun-22,Third Party,Petrol,5,5103.0,First Owner,Manual,2022,1197.0,8180.0,8180.0,1138.0,10.85,-0.044480049170870145
1019,2015 Tata Nano CNG XM,Sep-15,Third Party,CNG,4,52000.0,Second Owner,Manual,2015,624.0,3748.0,3748.0,51.0,1.5,-0.04717892700174556
1020,2018 Mahindra KUV 100 mFALCON G80 K2,Mar-18,Comprehensive,Petrol,6,18706.0,First Owner,Manual,2018,1198.0,82.0,82.0,115.0,4.24,-0.04638802590478313
1021,2016 Hyundai Xcent 1.2 Kappa S,Feb-17,Third Party,Petrol,5,43687.0,First Owner,Manual,2016,19.1,1197.0,1197.0,82.0,5.2,-0.0461109218708109
1022,2019 Hyundai Venue SX Plus Turbo DCT BSIV,Jun-19,Third Party insurance,Petrol,5,51000.0,First Owner,Automatic,2019,18.15,998.0,998.0,11835.0,9.75,-0.044797564209796664
1023,2012 Honda City V MT,Jun-12,Third Party insurance,Petrol,5,60758.0,Second Owner,Manual,2012,16.8,1497.0,1497.0,1163.0,4.4,-0.04634184189912109
1024,2020 Hyundai Venue SX Opt Diesel BSIV,Jun-22,Third Party insurance,Diesel,5,42000.0,First Owner,Manual,2020,23.7,1396.0,1396.0,887.0,10.5,-0.04458107668325585
1025,2016 Maruti Vitara Brezza ZDi Plus Dual Tone,May-16,Third Party insurance,Diesel,5,42261.0,First Owner,Manual,2016,24.3,1248.0,1248.0,885.0,8.85,-0.04505734924164563
1026,2015 Hyundai Grand i10 Magna,Jun-15,Comprehensive,Petrol,5,75499.0,First Owner,Manual,2015,1197.0,82.0,82.0,114.0,4.56,-0.046295657893459054
1027,2013 Hyundai Elantra CRDi Base,2013,Third Party insurance,Diesel,5,120000.0,Third Owner,Manual,2013,22.7,1582.0,1582.0,12624.0,3.99,-0.04646018841363007
1028,2015 Hyundai Grand i10 Magna,Nov-15,Third Party,Petrol,5,87109.0,Second Owner,Manual,2015,1197.0,82.0,82.0,114.0,4.59,-0.04628699839239742
1029,2019 Mahindra TUV 300 T10,Jun-19,Comprehensive,Diesel,7,69000.0,First Owner,Manual,2019,18.49,1493.0,1493.0,100.0,8.5,-0.045158376754031344
1030,2017 Volkswagen Ameo 1.5 TDI Highline AT,Nov-17,Comprehensive,Diesel,5,109000.0,First Owner,Automatic,2017,22.0,1498.0,1498.0,108495.0,6.25,-0.04580783933365377
1031,2018 Hyundai Elantra 1.6 SX Option AT,May-18,Comprehensive,Diesel,5,90001.0,First Owner,Automatic,2018,18.23,1582.0,1582.0,1262.0,10.75,-0.044508914174408915
1032,2022 Skoda Kushaq 1.5 TSI Style DSG,Apr-22,Third Party,Petrol,5,13000.0,First Owner,Automatic,2022,18.89,1498.0,1498.0,14751.0,16.5,-0.04284917647092939
1033,2011 Volkswagen Polo Diesel Comfortline 1.2L,Nov-11,Comprehensive,Diesel,5,60000.0,Second Owner,Manual,2011,22.07,1199.0,1199.0,739.0,2.4,-0.046919141969896584
1034,2010 Hyundai Accent GLE,Nov-10,Comprehensive,Petrol,5,75000.0,First Owner,Manual,2010,1495.0,94.0,94.0,125.0,1.9,-0.04706346698759046
1035,2019 Maruti XL6 Alpha AT,Nov-19,Comprehensive,Petrol,6,76000.0,First Owner,Automatic,2019,17.99,1462.0,1462.0,1032.0,9.25,-0.04494188922749053
1036,2014 Maruti Ertiga VDI,Jun-14,Third Party insurance,Diesel,7,82000.0,First Owner,Manual,2014,20.77,1248.0,1248.0,8876.0,6.5,-0.04573567682480683
1037,2016 Maruti Vitara Brezza ZDi Plus Dual Tone,May-16,Third Party insurance,Diesel,5,42261.0,First Owner,Manual,2016,24.3,1248.0,1248.0,885.0,8.85,-0.04505734924164563
1038,2015 Hyundai Grand i10 Magna,Nov-15,Third Party,Petrol,5,87109.0,Second Owner,Manual,2015,1197.0,82.0,82.0,114.0,4.59,-0.04628699839239742
1039,2014 Maruti Ertiga VDI,Jun-14,Third Party insurance,Diesel,7,82000.0,First Owner,Manual,2014,20.77,1248.0,1248.0,8876.0,6.5,-0.04573567682480683
1040,2016 Hyundai EON Era Plus,May-16,Third Party insurance,Petrol,5,47057.0,First Owner,Manual,2016,814.0,552.0,552.0,745.0,3.17,-0.046696881442648025
1041,2019 Hyundai Verna VTVT 1.6 SX,Jun-19,Zero Dep,Petrol,5,123715.0,First Owner,Manual,2019,17.0,1591.0,1591.0,1213.0,7.7,-0.04538929678234154
1042,2018 Tata Tigor 1.2 Revotron XZ,2018,Third Party insurance,Petrol,5,60000.0,1199 cc,2018,Power Steering,1199.0,84.0,84.0,114.0,4.75,-0.046240814386735385
1043,2021 Tata Tiago XT BSVI,Jan-21,Third Party,Petrol,5,36522.0,First Owner,Manual,2021,19.01,1199.0,1199.0,8482.0,5.44,-0.04604164586231784
1044,2016 Volkswagen Vento 1.6 Highline,Jun-16,Third Party insurance,Petrol,5,63000.0,First Owner,Manual,2016,16.09,1598.0,1598.0,1032.0,5.8,-0.04593773184957825
1045,2018 Volkswagen Polo 1.0 MPI Comfortline,Aug-18,Comprehensive,Petrol,5,23285.0,First Owner,Manual,2018,17.74,999.0,999.0,7510.0,5.73,-0.045957937352055396
1046,2021 Hyundai Grand i10 Nios Sportz,Jun-21,Zero Dep,Petrol,5,14596.0,Second Owner,Manual,2021,20.7,1197.0,1197.0,8186.0,6.41,-0.04576165532799173
1047,2013 Mercedes-Benz C-Class 220 CDI AT,Mar-13,Comprehensive,Diesel,5,48401.0,First Owner,Automatic,2013,14.84,2143.0,2143.0,170.0,12.0,-0.044148101630174234
1048,2021 Maruti Baleno Zeta,Aug-21,Zero Dep,Petrol,5,34377.0,First Owner,Manual,2021,21.01,1197.0,1197.0,8180.0,7.57,-0.04542682128694195
1049,2011 Mercedes-Benz M-Class ML 350 CDI,May-11,Third Party insurance,Diesel,5,127000.0,Third Owner,Automatic,2011,11.74,2987.0,2987.0,2548.0,11.0,-0.044436751665561984
1050,2018 Mercedes-Benz E-Class Exclusive E 220 d BSIV,Nov-18,Comprehensive,Diesel,5,70000.0,First Owner,Automatic,2018,16.1,1950.0,1950.0,1917.0,39.95,-0.03608033314108677
1051,2012 BMW X3 xDrive20d,2012,Third Party insurance,Diesel,5,90000.0,Second Owner,Automatic,2012,16.09,1995.0,1995.0,184.0,12.0,-0.044148101630174234
1052,2017 Ford Ecosport 1.5 Diesel Titanium Plus,May-17,Comprehensive,Diesel,5,65000.0,First Owner,Manual,2017,21.7,1498.0,1498.0,9896.0,7.25,-0.045519189298266025
1053,2020 Jeep Compass 2.0 Limited Plus,Jul-20,Comprehensive,Diesel,5,80000.0,First Owner,Manual,2020,17.1,1956.0,1956.0,17063.0,16.5,-0.04284917647092939
1054,2014 Honda Mobilio S i-DTEC,Nov-14,Comprehensive,Diesel,7,89000.0,First Owner,Manual,2014,24.2,1498.0,1498.0,986.0,5.5,-0.04602432686019458
1055,2018 Ford Ecosport 1.5 Diesel Titanium Plus,Oct-18,Comprehensive,Diesel,5,90000.0,First Owner,Manual,2018,21.7,1498.0,1498.0,9896.0,7.75,-0.04537486428057215
1056,2017 Volkswagen Vento 1.5 TDI Highline AT,Nov-17,Comprehensive,Diesel,5,109000.0,First Owner,Automatic,2017,22.15,1498.0,1498.0,1086.0,7.25,-0.045519189298266025
1057,2021 Mahindra XUV300 W8 AMT Optional Diesel BSVI,Jun-21,Zero Dep,Diesel,5,66302.0,First Owner,Automatic,2021,19.7,1497.0,1497.0,11505.0,11.24,-0.04436747565706892
1058,2012 Maruti Swift Dzire VXI,Apr-12,Third Party insurance,Petrol,5,79247.0,First Owner,Manual,2012,22.41,1197.0,1197.0,8850.0,4.1,-0.04642843690973742
1059,2017 Mini Cooper Clubman Cooper S,Feb-17,Comprehensive,Petrol,5,46000.0,First Owner,Automatic,2017,13.79,1998.0,1998.0,192.0,33.0,-0.038086450887031595
1060,2017 Maruti Baleno 1.3 Alpha,Jan-18,Third Party,Diesel,5,82051.0,First Owner,Manual,2017,27.39,1248.0,1248.0,74.0,6.07,-0.045859796340023566
1061,2021 Maruti Swift ZXI Plus,Jul-21,Third Party insurance,Petrol,5,31655.0,First Owner,Manual,2021,22.38,1197.0,1197.0,8850.0,7.75,-0.04537486428057215
1062,2017 Hyundai Grand i10 Sportz,May-17,Comprehensive,Petrol,5,16000.0,First Owner,Manual,2017,18.9,1197.0,1197.0,8186.0,5.75,-0.04595216435134764
1063,2019 Honda WR-V i-DTEC VX,Jul-19,Zero Dep,Diesel,5,59965.0,First Owner,Manual,2019,25.5,1498.0,1498.0,986.0,7.61,-0.045415275285526434
1064,2009 Hyundai i20 Asta,Nov-09,Third Party insurance,Petrol,5,60000.0,Third Owner,Manual,2009,17.0,1197.0,1197.0,805200.0,1.75,-0.04710676449289862
1065,2017 Maruti Baleno 1.2 Delta,May-17,Zero Dep,Petrol,5,103209.0,First Owner,Manual,2017,21.4,1197.0,1197.0,831.0,5.02,-0.046162878877180694
1066,2017 Maruti Baleno 1.2 Delta,Jul-17,Third Party insurance,Petrol,5,29497.0,First Owner,Manual,2017,21.4,1197.0,1197.0,831.0,5.59,-0.04599834835700968
1067,2012 Hyundai i10 Magna,Nov-12,Comprehensive,Petrol,5,51000.0,First Owner,Manual,2012,1197.0,789.0,789.0,1117.0,2.9,-0.04677481695220271
1068,2020 Hyundai Grand i10 Nios AMT Sportz,Oct-20,Third Party,Petrol,5,22849.0,First Owner,Automatic,2020,20.7,1197.0,1197.0,8186.0,6.83,-0.04564042231312887
1069,2018 Hyundai i20 1.4 Asta,Jun-18,Third Party insurance,Diesel,5,66000.0,First Owner,Manual,2018,22.54,1396.0,1396.0,8873.0,5.75,-0.04595216435134764
1070,2019 BMW X1 xDrive 20d xLine,Sep-19,Third Party insurance,Diesel,5,43000.0,First Owner,Automatic,2019,20.68,1995.0,1995.0,190.0,29.5,-0.039096726010888705
1071,2019 Maruti Vitara Brezza VDi,Dec-19,Comprehensive,Diesel,5,68000.0,First Owner,Manual,2019,24.3,1248.0,1248.0,885.0,7.5,-0.04544702678941909
1072,2018 Mercedes-Benz GLC 220d 4MATIC Sport,Aug-18,Comprehensive,Diesel,5,61000.0,First Owner,Automatic,2018,17.9,2143.0,2143.0,170.0,37.5,-0.03678752572778675
1073,2018 Maruti Ciaz Delta,Nov-18,Comprehensive,Petrol,5,35000.0,First Owner,Manual,2018,20.65,1462.0,1462.0,10325.0,6.8,-0.04564908181419051
1074,2019 Maruti Baleno Zeta CVT,Nov-19,Comprehensive,Petrol,5,47000.0,First Owner,Automatic,2019,19.56,1197.0,1197.0,8180.0,6.75,-0.0456635143159599
1075,2019 Maruti Vitara Brezza ZDi Plus,Apr-19,Third Party insurance,Diesel,5,54000.0,First Owner,Manual,2019,24.3,1248.0,1248.0,885.0,8.75,-0.04508621424518441
1076,2015 Honda City i VTEC CVT SV,Jan-16,Zero Dep,Petrol,5,72000.0,First Owner,Automatic,2015,18.0,1497.0,1497.0,1173.0,6.15,-0.045836704337192544
1077,2017 Maruti Alto 800 LXI,Jun-17,Third Party insurance,Petrol,5,62039.0,First Owner,Manual,2017,796.0,4733.0,4733.0,69.0,3.02,-0.04674017894795618
1078,2020 Maruti Baleno Zeta,Dec-20,Comprehensive,Petrol,5,23428.0,First Owner,Manual,2020,21.01,1197.0,1197.0,8180.0,7.14,-0.04555094080215868
1079,2017 Maruti SX4 S Cross Zeta DDiS 200 SH,Oct-17,Comprehensive,Diesel,5,53000.0,First Owner,Manual,2017,25.1,1248.0,1248.0,885.0,7.95,-0.045317134273494604
1080,2012 Honda City V MT,Jul-12,Comprehensive,Petrol,5,47925.0,First Owner,Manual,2012,16.8,1497.0,1497.0,1163.0,4.53,-0.04630431739452069
1081,2015 Hyundai Grand i10 Magna,Jul-15,Third Party insurance,Petrol,5,59011.0,First Owner,Manual,2015,1197.0,82.0,82.0,114.0,4.26,-0.04638225290407538
1082,2019 Mahindra Alturas G4 4X2 AT,Jul-19,Comprehensive,Diesel,7,121281.0,First Owner,Automatic,2019,12.35,2157.0,2157.0,17849.0,17.51,-0.04255763993518777
1083,2019 Hyundai Grand i10 1.2 Kappa Sportz BSIV,Jun-19,Third Party,Petrol,5,63238.0,First Owner,Manual,2019,18.9,1197.0,1197.0,8186.0,5.15,-0.046125354372580286
1084,2014 Honda City i VTEC CVT VX,Jan-14,Third Party insurance,Petrol,5,51376.0,First Owner,Automatic,2014,18.0,1497.0,1497.0,1173.0,6.0,-0.045880001842500705
1085,2013 Hyundai i10 Magna 1.1L,Jun-13,Comprehensive,Petrol,5,51196.0,First Owner,Manual,2013,1086.0,6805.0,6805.0,9904.0,3.19,-0.04669110844194027
1086,2018 Hyundai Grand i10 1.2 Kappa Sportz Option AT,Sep-18,Third Party insurance,Petrol,5,35898.0,Second Owner,Automatic,2018,18.9,1197.0,1197.0,8186.0,5.43,-0.04604453236267172
1087,2018 BMW 5 Series 520d Sport Line,May-18,Comprehensive,Diesel,5,40000.0,Second Owner,Automatic,2018,22.48,1995.0,1995.0,18774.0,34.5,-0.03765347583394998
1088,2018 Maruti Ignis 1.2 Delta BSIV,Aug-18,Comprehensive,Petrol,5,19876.0,First Owner,Manual,2018,20.89,1197.0,1197.0,8180.0,4.92,-0.04619174388071947
1089,2012 Maruti Swift VDI,Nov-12,Comprehensive,Diesel,5,68000.0,First Owner,Manual,2012,22.9,1248.0,1248.0,74.0,4.1,-0.04642843690973742
1090,2016 Honda Amaze S Petrol,Jan-16,Comprehensive,Petrol,5,40451.0,First Owner,Manual,2016,18.6,1199.0,1199.0,8876.0,5.25,-0.04609648936904151
1091,2014 Honda City i VTEC SV,Jul-14,Third Party insurance,Petrol,5,60000.0,Second Owner,Manual,2014,17.4,1497.0,1497.0,1173.0,5.55,-0.04600989435842519
1092,2013 Audi A6 2.0 TDI Premium Plus,Jun-13,Comprehensive,Diesel,5,69000.0,First Owner,Automatic,2013,17.68,1968.0,1968.0,17433.0,14.5,-0.043426476541704874
1093,2018 Maruti Baleno Zeta,Oct-18,Comprehensive,Petrol,5,98000.0,First Owner,Manual,2018,21.01,1197.0,1197.0,8180.0,6.0,-0.045880001842500705
1094,2020 Hyundai Venue SX Plus Turbo DCT,Mar-20,Zero Dep,Petrol,5,790000.0,First Owner,Automatic,2020,18.15,998.0,998.0,11835.0,9.75,-0.044797564209796664
1095,2019 Honda Jazz VX CVT,Apr-19,Zero Dep,Petrol,5,55000.0,First Owner,Automatic,2019,18.2,1199.0,1199.0,887.0,7.5,-0.04544702678941909
1096,2015 Toyota Etios GD,Apr-15,Zero Dep,Diesel,5,104000.0,First Owner,Manual,2015,23.59,1364.0,1364.0,6705.0,5.25,-0.04609648936904151
1097,2019 Maruti Alto 800 VXI BSIV,Nov-19,Zero Dep,Petrol,5,57647.0,First Owner,Manual,2019,24.7,796.0,796.0,473.0,3.52,-0.04659585393026231
1098,2017 Hyundai Grand i10 1.2 Kappa Magna BSIV,Oct-17,Third Party insurance,Petrol,5,76125.0,Second Owner,Manual,2017,18.9,1197.0,1197.0,8186.0,4.4,-0.04634184189912109
1099,2017 Maruti Swift Dzire VDI,Dec-17,Third Party,Diesel,5,94857.0,First Owner,Manual,2017,28.4,1248.0,1248.0,7402.0,6.06,-0.045862682840377436
1100,2016 Honda Amaze S i-Vtech,Apr-16,Comprehensive,Petrol,5,51499.0,First Owner,Manual,2016,18.0,1198.0,1198.0,867.0,4.96,-0.046180197879303955
1101,2023 Mahindra XUV700 AX5 7 Str Diesel AT,Feb-23,Comprehensive,Diesel,7,22468.0,First Owner,Automatic,2023,2198.0,18238.0,18238.0,450.0,22.0,-0.04126160127629679
1102,2016 Maruti Celerio ZXI,Aug-16,Zero Dep,Petrol,5,123186.0,First Owner,Manual,2016,25.24,998.0,998.0,6571.0,3.68,-0.04654966992460027
1103,2021 Maruti Wagon R VXI AMT,Aug-21,Comprehensive,Petrol,5,20000.0,First Owner,Automatic,2021,21.79,998.0,998.0,6705.0,6.1,-0.04585113683896193
1104,2015 Hyundai i20 Asta 1.2,Jan-16,Zero Dep,Petrol,5,74661.0,First Owner,Manual,2015,18.6,1197.0,1197.0,8183.0,5.45,-0.046038759361963964
1105,2012 Maruti Swift VDI,Jul-12,Comprehensive,Diesel,5,50018.0,First Owner,Manual,2012,22.9,1248.0,1248.0,74.0,4.2,-0.04639957190619865
1106,2019 Hyundai i20 1.2 Asta,Nov-19,Third Party,Petrol,5,38000.0,First Owner,Manual,2019,18.6,1197.0,1197.0,8183.0,5.6,-0.0459954618566558
1107,2021 Maruti Baleno Zeta,Jul-21,Zero Dep,Petrol,5,11971.0,First Owner,Manual,2021,21.01,1197.0,1197.0,8180.0,7.55,-0.045432594287649695
1108,2010 Fiat Punto 1.3 Emotion,2010,Third Party insurance,Diesel,5,80000.0,Third Owner,Manual,2010,20.3,1248.0,1248.0,75.0,1.0,-0.047323252019439425
1109,2014 Hyundai i20 Asta 1.2,May-14,Comprehensive,Petrol,5,64000.0,First Owner,Manual,2014,18.6,1197.0,1197.0,8183.0,5.5,-0.04602432686019458
1110,2017 Maruti Baleno 1.2 Sigma,Nov-17,Comprehensive,Petrol,5,37000.0,First Owner,Manual,2017,1197.0,831.0,831.0,115.0,5.05,-0.046154219376119056
1111,2015 Hyundai i20 Asta 1.4 CRDi,Nov-15,Comprehensive,Diesel,5,92000.0,First Owner,Manual,2015,22.54,1396.0,1396.0,8873.0,5.95,-0.045894434344270096
1112,2019 Maruti Alto K10 VXI,Nov-19,Comprehensive,Petrol,5,70000.0,Second Owner,Manual,2019,23.95,998.0,998.0,6705.0,3.4,-0.04663049193450884
1113,2021 Maruti Vitara Brezza LXI,Nov-21,Comprehensive,Petrol,5,83000.0,First Owner,Manual,2021,17.03,1462.0,1462.0,10326.0,7.95,-0.045317134273494604
1114,2020 Maruti Wagon R LXI,Nov-20,Comprehensive,Petrol,5,32000.0,First Owner,Manual,2020,998.0,6705.0,6705.0,90.0,5.1,-0.04613978687434968
1115,2018 Maruti Baleno Alpha Diesel,Nov-18,Comprehensive,Diesel,5,88000.0,Second Owner,Manual,2018,27.39,1248.0,1248.0,74.0,5.9,-0.045908866846039474
1116,2012 Maruti Swift Dzire LXI,Nov-12,Third Party insurance,Petrol,5,105885.0,First Owner,Manual,2012,1197.0,8850.0,8850.0,113.0,3.27,-0.04666801643910924
1117,2017 Honda WR-V i-DTEC VX,Jun-17,Zero Dep,Diesel,5,93774.0,First Owner,Manual,2017,25.5,1498.0,1498.0,986.0,7.15,-0.045548054301804794
1118,2020 Mercedes-Benz C-Class Progressive C 220d,Jan-20,Third Party insurance,Diesel,5,44000.0,First Owner,Automatic,2020,12.6,1950.0,1950.0,194.0,39.5,-0.03621022565701126
1119,2016 Hyundai Grand i10 Magna,Dec-16,Third Party,Petrol,5,86981.0,First Owner,Manual,2016,1197.0,82.0,82.0,114.0,4.21,-0.04639668540584477
1120,2019 Maruti Baleno 1.2 Zeta,Jan-20,Zero Dep,Petrol,5,48728.0,First Owner,Manual,2019,21.4,1197.0,1197.0,831.0,6.66,-0.04568949281914479
1121,2013 Hyundai Verna 1.6 SX VTVT,Nov-13,Comprehensive,Petrol,5,87001.0,First Owner,Manual,2013,17.01,1591.0,1591.0,1213.0,4.65,-0.04626967939027416
1122,2016 Maruti Wagon R VXI BS IV,Apr-16,Third Party,Petrol,5,50595.0,First Owner,Manual,2016,20.51,998.0,998.0,6704.0,4.11,-0.04642555040938354
1123,2021 Honda Jazz V CVT,Mar-21,Comprehensive,Petrol,5,31000.0,First Owner,Automatic,2021,17.1,1199.0,1199.0,8850.0,8.5,-0.045158376754031344
1124,2015 Hyundai Grand i10 Magna,Sep-15,Third Party,Petrol,5,103012.0,First Owner,Manual,2015,1197.0,82.0,82.0,114.0,4.14,-0.04641689090832191
1125,2013 Maruti Swift VXI,Jan-14,Third Party,Petrol,5,108929.0,First Owner,Manual,2013,22.38,1197.0,1197.0,8850.0,3.84,-0.046503485918938235
1126,2016 Honda BR-V i-VTEC V CVT,Sep-16,Third Party insurance,Petrol,7,57000.0,First Owner,Automatic,2016,15.4,1497.0,1497.0,1173.0,7.95,-0.045317134273494604
1127,2018 Honda Brio 1.2 S Option MT,Jul-18,Comprehensive,Petrol,5,56387.0,First Owner,Manual,2018,18.5,1198.0,1198.0,868.0,4.3,-0.04637070690265987
1128,2014 Honda City i DTec VX,Nov-14,Comprehensive,Diesel,5,101000.0,First Owner,Manual,2014,26.0,1498.0,1498.0,986.0,5.75,-0.04595216435134764
1129,2018 Honda Brio 1.2 VX AT,Feb-18,Comprehensive,Petrol,5,42000.0,First Owner,Automatic,2018,16.5,1198.0,1198.0,868.0,5.5,-0.04602432686019458
1130,2021 Hyundai Verna SX Diesel,Jun-21,Third Party insurance,Diesel,5,50000.0,First Owner,Manual,2021,25.0,1493.0,1493.0,11345.0,13.9,-0.04359966656293752
1131,2020 Ford Ecosport 1.5 Diesel Titanium,Oct-20,Comprehensive,Diesel,5,810000.0,First Owner,Manual,2020,21.7,1498.0,1498.0,9896.0,9.0,-0.04501405173633747
1132,2018 Hyundai Grand i10 1.2 Kappa Sportz Option AT,Jan-19,Comprehensive,Petrol,5,26000.0,First Owner,Automatic,2018,18.9,1197.0,1197.0,8186.0,5.95,-0.045894434344270096
1133,2014 Mercedes-Benz C-Class C 220 CDI BE Avantgare,Nov-14,Comprehensive,Diesel,5,92001.0,First Owner,Automatic,2014,14.84,2143.0,2143.0,16762.0,11.75,-0.04422026413902117
1134,2016 Honda Brio 1.2 VX MT,Oct-16,Comprehensive,Petrol,5,29000.0,First Owner,Manual,2016,18.5,1198.0,1198.0,868.0,4.5,-0.04631297689558232
1135,2017 Maruti Swift VXI Optional,Jan-17,Third Party insurance,Petrol,5,69000.0,First Owner,Manual,2017,20.4,1197.0,1197.0,8180.0,5.4,-0.04605319186373335
1136,2022 Maruti Ignis Sigma BSVI,Jun-22,Zero Dep,Petrol,5,51918.0,First Owner,Manual,2022,1197.0,8180.0,8180.0,113.0,5.4,-0.04605319186373335
1137,2016 Hyundai Grand i10 Asta,Jun-16,Third Party,Petrol,5,37552.0,First Owner,Manual,2016,18.9,1197.0,1197.0,82.0,5.32,-0.04607628386656437
1138,2019 Tata Nexon 1.2 Revotron XZ Plus,Oct-19,Comprehensive,Petrol,5,84000.0,First Owner,Manual,2019,17.0,1198.0,1198.0,1085.0,8.7,-0.0451006467469538
1139,2016 Honda Amaze S i-Vtech,Mar-16,Third Party,Petrol,5,63420.0,First Owner,Manual,2016,18.0,1198.0,1198.0,867.0,5.11,-0.046136900373995794
1140,2017 Hyundai Grand i10 1.2 Kappa Magna BSIV,Jan-18,Third Party,Petrol,5,68888.0,Second Owner,Manual,2017,18.9,1197.0,1197.0,8186.0,4.39,-0.046344728399474976
1141,2013 Maruti Swift ZDi,Nov-13,Comprehensive,Diesel,5,104255.0,First Owner,Manual,2013,22.9,1248.0,1248.0,74.0,4.5,-0.04631297689558232
1142,2018 Honda Brio 1.2 S Option MT,Jul-18,Third Party,Petrol,5,47877.0,First Owner,Manual,2018,18.5,1198.0,1198.0,868.0,4.72,-0.046249473887797016
1143,2016 Mercedes-Benz C-Class C 200 AVANTGARDE,Apr-16,Comprehensive,Petrol,5,61000.0,Second Owner,Automatic,2016,14.74,1991.0,1991.0,18104.0,27.9,-0.03955856606750909
1144,2016 Honda Jazz 1.5 V i DTEC,Oct-16,Third Party insurance,Diesel,5,83337.0,First Owner,Manual,2016,27.3,1498.0,1498.0,986.0,4.64,-0.04627256589062804
1145,2016 Honda Brio S MT,Dec-16,Third Party,Petrol,5,61836.0,First Owner,Manual,2016,19.4,1198.0,1198.0,868.0,4.06,-0.04643998291115293
1146,2015 Volkswagen Vento 1.2 TSI Highline AT,Nov-15,Comprehensive,Petrol,5,68001.0,First Owner,Automatic,2015,18.19,1197.0,1197.0,1032.0,5.9,-0.045908866846039474
1147,2022 Maruti Baleno Zeta BSVI,Feb-23,Zero Dep,Petrol,5,39813.0,First Owner,Manual,2022,22.35,1197.0,1197.0,8850.0,7.87,-0.04534022627632562
1148,2018 Honda Amaze VX i-VTEC,Oct-18,Comprehensive,Petrol,5,74000.0,First Owner,Manual,2018,17.8,1198.0,1198.0,867.0,6.9,-0.04562021681065173
1149,2013 Honda Brio V MT,Oct-13,Comprehensive,Petrol,5,87000.0,First Owner,Manual,2013,19.4,1198.0,1198.0,868.0,3.5,-0.046601626930970065
1150,2016 Hyundai i20 Sportz Option 1.2,Aug-16,Third Party insurance,Petrol,5,71000.0,First Owner,Manual,2016,18.6,1197.0,1197.0,8183.0,6.6,-0.04570681182126806
1151,2018 Mercedes-Benz GLE 250d,Oct-18,Comprehensive,Diesel,5,102000.0,First Owner,Automatic,2018,17.9,2143.0,2143.0,20115.0,43.5,-0.03505562551546028
1152,2010 Mitsubishi Outlander 2.4,2010,Third Party insurance,Petrol,5,110000.0,Third Owner,Automatic,2010,11.3,2360.0,2360.0,170.0,6.5,-0.04573567682480683
1153,2019 Tata Tiago 1.2 Revotron XZ Plus,Oct-19,Comprehensive,Petrol,5,75000.0,First Owner,Manual,2019,23.84,1199.0,1199.0,84.0,5.7,-0.045966596853117034
1154,2017 Maruti Ciaz VDi Plus SHVS,Jan-17,Third Party insurance,Diesel,5,62000.0,First Owner,Manual,2017,28.09,1248.0,1248.0,885.0,7.1,-0.045562486803574186
1155,2014 Hyundai i10 Magna 1.2 iTech SE,May-14,Third Party insurance,Petrol,5,49000.0,First Owner,Manual,2014,1197.0,789.0,789.0,1117.0,4.4,-0.04634184189912109
1156,2016 Maruti Ciaz ZXi,Apr-17,Comprehensive,Petrol,5,76792.0,First Owner,Manual,2016,20.73,1373.0,1373.0,911.0,6.37,-0.04577320132940724
1157,2014 Honda Brio S MT,Jul-14,Comprehensive,Petrol,5,34445.0,First Owner,Manual,2014,19.4,1198.0,1198.0,868.0,4.24,-0.04638802590478313
1158,2012 Hyundai i10 Magna 1.1 iTech SE,Apr-12,Comprehensive,Petrol,5,64000.0,First Owner,Manual,2012,1086.0,6805.0,6805.0,9904.0,3.2,-0.046688221941586394
1159,2016 Maruti Swift Dzire VXI,Jul-16,Third Party,Petrol,5,109405.0,First Owner,Manual,2016,22.41,1197.0,1197.0,8850.0,5.2,-0.0461109218708109
1160,2015 Honda Jazz 1.2 VX i VTEC,Oct-15,Comprehensive,Petrol,5,118146.0,First Owner,Manual,2015,18.7,1199.0,1199.0,887.0,4.61,-0.04628122539168967
1161,2022 Tata Punch Creative AMT BSVI,Aug-22,Comprehensive,Petrol,5,9000.0,First Owner,Automatic,2022,18.8,1199.0,1199.0,8663.0,8.75,-0.04508621424518441
1162,2017 Hyundai Grand i10 1.2 Kappa Sportz Option AT,Aug-17,Zero Dep,Petrol,5,41339.0,Second Owner,Automatic,2017,18.9,1197.0,1197.0,8186.0,5.87,-0.04591752634710111
1163,2022 BMW 2 Series 220i M Sport BSVI,Sep-22,Comprehensive,Petrol,5,22000.0,Second Owner,Automatic,2022,14.82,1998.0,1998.0,18908.0,33.5,-0.03794212586933773
1164,2017 Honda WR-V i-VTEC VX,Jan-18,Comprehensive,Petrol,5,62607.0,First Owner,Manual,2017,17.5,1199.0,1199.0,887.0,7.21,-0.04553073529968153
1165,2020 Maruti Baleno Delta,Mar-20,Zero Dep,Petrol,5,52794.0,First Owner,Manual,2020,21.01,1197.0,1197.0,8180.0,6.77,-0.04565774131525214
1166,2022 Mercedes-Benz E-Class Exclusive E 200 BSVI,Nov-22,Comprehensive,Petrol,5,10000.0,First Owner,Automatic,2022,15.0,1991.0,1991.0,19444.0,67.5,-0.028128024666154404
1167,2022 Renault Triber RXL BSVI,Jun-22,Third Party,Petrol,7,33864.0,First Owner,Manual,2022,20.0,999.0,999.0,7101.0,5.86,-0.04592041284745498
1168,2012 Hyundai Elantra CRDi SX AT,Oct-12,Third Party insurance,Diesel,5,73000.0,Second Owner,Automatic,2012,19.5,1582.0,1582.0,12624.0,4.25,-0.04638513940442926
1169,2017 Maruti Baleno Delta,Nov-17,Third Party,Petrol,5,70000.0,First Owner,Manual,2017,21.01,1197.0,1197.0,8180.0,4.75,-0.046240814386735385
1170,2017 Honda BR-V i-DTEC S MT,Jun-17,Comprehensive,Diesel,7,67754.0,Second Owner,Manual,2017,21.9,1498.0,1498.0,986.0,6.15,-0.045836704337192544
1171,2011 Maruti Wagon R LX Minor,2011,Third Party insurance,Petrol,5,60000.0,998 cc,2011,Power Steering,998.0,671.0,671.0,90.0,1.7,-0.04712119699466801
1172,2010 Nissan Micra XL,Nov-10,Comprehensive,Petrol,5,69000.0,First Owner,Manual,2010,18.06,1198.0,1198.0,75.0,2.5,-0.04689027696635781
1173,2018 Mahindra XUV500 W7 BSIV,Jan-19,Third Party insurance,Diesel,7,78000.0,First Owner,Manual,2018,15.1,2179.0,2179.0,15287.0,10.25,-0.04465323919210279
1174,2009 Maruti Alto 800 LXi BSIII,2009,Third Party insurance,Petrol,5,70000.0,Third Owner,Manual,2009,796.0,463.0,463.0,62.0,1.4,-0.04720779200528433
1175,2017 Maruti Ertiga SHVS VDI,Jun-17,Third Party insurance,Diesel,7,83000.0,First Owner,Manual,2017,24.52,1248.0,1248.0,885.0,7.8,-0.04536043177880276
1176,2020 Hyundai Grand i10 Nios AMT Sportz,Aug-20,Comprehensive,Petrol,5,17778.0,First Owner,Automatic,2020,20.7,1197.0,1197.0,8186.0,7.04,-0.045579805805697454
1177,2021 Hyundai Grand i10 Nios AMT Sportz,Sep-21,Third Party,Petrol,5,16499.0,First Owner,Automatic,2021,20.7,1197.0,1197.0,8186.0,7.14,-0.04555094080215868
1178,2012 Renault Scala Diesel RxZ,2012,Third Party insurance,Diesel,5,120000.0,First Owner,Manual,2012,21.64,1461.0,1461.0,848.0,2.25,-0.046962439475204745
1179,2016 Honda Jazz 1.2 V i VTEC,Feb-16,Comprehensive,Petrol,5,33364.0,First Owner,Manual,2016,18.7,1199.0,1199.0,887.0,4.79,-0.04622926838531988
1180,2016 Hyundai Grand i10 Sportz,May-16,Comprehensive,Petrol,5,64784.0,First Owner,Manual,2016,18.9,1197.0,1197.0,82.0,4.26,-0.04638225290407538
1181,2014 Mercedes-Benz E-Class E 200 CGI,Nov-14,Comprehensive,Petrol,5,59000.0,First Owner,Automatic,2014,12.0,1991.0,1991.0,184.0,19.9,-0.041867766350611055
1182,2014 Hyundai i10 Magna 1.1L,Nov-14,Third Party,Petrol,5,29584.0,First Owner,Manual,2014,1086.0,6805.0,6805.0,9904.0,3.7,-0.04654389692389252
1183,2013 Nissan Sunny Petrol Special Edition,2013,Third Party insurance,Petrol,5,80000.0,Third Owner,Manual,2013,16.95,1498.0,1498.0,977.0,3.0,-0.04674595194866394
1184,2011 Honda City 1.5 S MT,Apr-11,Third Party,Petrol,5,87217.0,First Owner,Manual,2011,17.0,1497.0,1497.0,1186600.0,3.73,-0.04653523742283089
1185,2017 Tata Tiago 1.2 Revotron XT,Feb-18,Third Party,Petrol,5,77482.0,Second Owner,Manual,2017,23.84,1199.0,1199.0,84.0,3.99,-0.04646018841363007
1186,2018 Honda Jazz 1.2 V AT i VTEC,Oct-18,Comprehensive,Petrol,5,60000.0,First Owner,Automatic,2018,19.0,1199.0,1199.0,887.0,6.25,-0.04580783933365377
1187,2020 Tata Tiago XZ,Nov-20,Third Party insurance,Petrol,5,34312.0,First Owner,Manual,2020,20.09,1199.0,1199.0,8482.0,5.57,-0.046004121357717434
1188,2021 Tata Tiago XZA Plus AMT BSVI,Aug-21,Third Party,Petrol,5,53000.0,First Owner,Automatic,2021,19.0,1199.0,1199.0,8482.0,6.5,-0.04573567682480683
1189,2017 Honda Amaze VX CVT i-VTEC,Oct-17,Comprehensive,Petrol,5,45000.0,First Owner,Automatic,2017,18.1,1199.0,1199.0,887.0,5.75,-0.04595216435134764
1190,2019 Honda Amaze VX i-VTEC,Oct-19,Comprehensive,Petrol,5,23000.0,First Owner,Manual,2019,17.8,1198.0,1198.0,867.0,6.9,-0.04562021681065173
1191,2015 Maruti Swift Dzire VXI 1.2,Nov-15,Comprehensive,Petrol,5,80001.0,First Owner,Manual,2015,21.21,1197.0,1197.0,8180.0,4.9,-0.046197516881427224
1192,2015 Maruti Swift Dzire VDI,Nov-15,Comprehensive,Diesel,5,62000.0,First Owner,Manual,2015,28.4,1248.0,1248.0,7402.0,5.5,-0.04602432686019458
1193,2020 Ford Ecosport 1.5 Petrol Titanium Plus AT BSIV,Jul-20,Third Party insurance,Petrol,5,57000.0,First Owner,Automatic,2020,14.8,1497.0,1497.0,12136.0,8.5,-0.045158376754031344
1194,2015 Honda Brio S MT,Dec-15,Comprehensive,Petrol,5,21000.0,First Owner,Manual,2015,19.4,1198.0,1198.0,868.0,3.9,-0.04648616691681497
1195,2013 Maruti Swift VXI,May-13,Third Party,Petrol,5,43415.0,First Owner,Manual,2013,22.38,1197.0,1197.0,8850.0,4.08,-0.04643420991044517
1196,2017 Hyundai i20 Asta Option 1.4 CRDi,Jul-17,Third Party,Diesel,5,24412.0,First Owner,Manual,2017,22.54,1396.0,1396.0,8873.0,7.58,-0.045423934786588065
1197,2021 Kia Carnival Premium,Sep-21,Zero Dep,Diesel,7,45000.0,First Owner,Automatic,2021,14.11,2199.0,2199.0,1972.0,25.9,-0.040135866138284584
1198,2015 Hyundai Grand i10 Magna,Mar-15,Third Party,Petrol,5,24020.0,First Owner,Manual,2015,1197.0,82.0,82.0,114.0,4.8,-0.04622638188496599
1199,2018 Maruti Swift Dzire VXI 1.2,Dec-18,Third Party insurance,Petrol,5,70251.0,Second Owner,Manual,2018,21.21,1197.0,1197.0,8180.0,5.33,-0.04607339736621049
1200,2018 Honda City VX CVT,Jul-18,Comprehensive,Petrol,5,44000.0,First Owner,Automatic,2018,18.4,1498.0,1498.0,11935.0,9.9,-0.044754266704488496
1201,2021 Maruti Alto 800 LXI S-CNG,Apr-21,Comprehensive,CNG,4,86212.0,First Owner,Manual,2021,796.0,4036.0,4036.0,60.0,4.2,-0.04639957190619865
1202,2018 Hyundai Verna VTVT 1.6 AT SX Option,Dec-18,Third Party insurance,Petrol,5,64000.0,First Owner,Automatic,2018,17.0,1591.0,1591.0,1213.0,9.5,-0.0448697267186436
1203,2015 Hyundai Grand i10 Magna,Jul-15,Third Party insurance,Petrol,5,39458.0,First Owner,Manual,2015,1197.0,82.0,82.0,114.0,4.65,-0.04626967939027416
1204,2012 Maruti Swift VDI,May-13,Third Party insurance,Diesel,5,70598.0,First Owner,Manual,2012,22.9,1248.0,1248.0,74.0,3.56,-0.0465843079288468
1205,2017 Honda Amaze S Option i-VTEC,Oct-17,Comprehensive,Petrol,5,94000.0,First Owner,Manual,2017,17.8,1198.0,1198.0,867.0,4.75,-0.046240814386735385
1206,2016 Hyundai Grand i10 Magna,Aug-16,Third Party insurance,Petrol,5,48325.0,First Owner,Manual,2016,1197.0,82.0,82.0,114.0,4.3,-0.04637070690265987
1207,2016 Toyota Corolla Altis VL AT,Nov-16,Comprehensive,Petrol,5,66000.0,Second Owner,Automatic,2016,14.28,1798.0,1798.0,13803.0,6.5,-0.04573567682480683
1208,2015 Honda City i DTEC V,Nov-15,Comprehensive,Diesel,5,86001.0,First Owner,Manual,2015,26.0,1498.0,1498.0,986.0,5.75,-0.04595216435134764
1209,2014 Toyota Corolla Altis G AT,Nov-14,Comprehensive,Petrol,5,62000.0,First Owner,Automatic,2014,14.28,1798.0,1798.0,13803.0,6.9,-0.04562021681065173
1210,2016 Hyundai Verna 1.4 VTVT,Nov-16,Comprehensive,Petrol,5,50000.0,First Owner,Manual,2016,17.43,1396.0,1396.0,1055.0,6.25,-0.04580783933365377
1211,2016 Hyundai Creta 1.6 SX Diesel,Oct-16,Comprehensive,Diesel,5,79000.0,First Owner,Manual,2016,20.5,1582.0,1582.0,1262.0,9.25,-0.04494188922749053
1212,2017 Maruti Swift Dzire AMT ZDI Plus,Nov-17,Comprehensive,Diesel,5,74002.0,First Owner,Automatic,2017,28.4,1248.0,1248.0,7402.0,6.75,-0.0456635143159599
1213,2014 Mercedes-Benz S-Class S 500 L,Nov-14,Comprehensive,Petrol,5,74000.0,First Owner,Automatic,2014,7.81,5461.0,5461.0,3629.0,52.9,-0.032342315182815475
1214,2015 Hyundai Verna 1.6 CRDi S Option,Oct-15,Third Party,Diesel,5,65000.0,Second Owner,Manual,2015,23.9,1582.0,1582.0,12632.0,5.9,-0.045908866846039474
1215,2021 Hyundai i20 Asta Opt BSVI,Oct-21,Comprehensive,Petrol,5,39718.0,Second Owner,Manual,2021,21.0,1197.0,1197.0,8180.0,7.58,-0.045423934786588065
1216,2016 Hyundai Grand i10 Magna,Jan-17,Third Party,Petrol,5,67529.0,First Owner,Manual,2016,1197.0,82.0,82.0,114.0,4.5,-0.04631297689558232
1217,2016 Audi Q7 45 TDI Quattro Technology,2016,Third Party insurance,Diesel,7,110000.0,Second Owner,Automatic,2016,14.75,2967.0,2967.0,245.0,40.0,-0.03606590063931738
1218,2017 Maruti Baleno 1.2 Delta,Oct-17,Third Party insurance,Petrol,5,88281.0,First Owner,Manual,2017,21.4,1197.0,1197.0,831.0,5.01,-0.04616576537753458
1219,2016 Hyundai Grand i10 Magna,May-16,Third Party,Petrol,5,64160.0,Second Owner,Manual,2016,1197.0,82.0,82.0,114.0,4.12,-0.04642266390902966
1220,2018 Hyundai Tucson 2.0 e-VGT 4WD AT GLS,Oct-18,Comprehensive,Diesel,5,88000.0,First Owner,Automatic,2018,16.38,1995.0,1995.0,18246.0,15.5,-0.04313782650631713
1221,2017 Maruti Swift VXI,Jun-17,Zero Dep,Petrol,5,77253.0,First Owner,Manual,2017,22.38,1197.0,1197.0,8850.0,4.91,-0.04619463038107335
1222,2013 Audi A4 2.0 TDI,Oct-13,Comprehensive,Diesel,5,72000.0,First Owner,Automatic,2013,16.55,1968.0,1968.0,14751.0,11.9,-0.04417696663371301
1223,2012 Honda City S,Dec-12,Comprehensive,Petrol,5,102614.0,First Owner,Manual,2012,16.8,1497.0,1497.0,1164.0,4.01,-0.04645441541292232
1224,2017 Honda City i VTEC SV,Oct-17,Comprehensive,Petrol,5,78911.0,Second Owner,Manual,2017,17.8,1497.0,1497.0,1173.0,6.37,-0.04577320132940724
1225,2015 BMW X5 xDrive 30d,Aug-15,Comprehensive,Diesel,5,99000.0,First Owner,Automatic,2015,15.3,2993.0,2993.0,258.0,28.9,-0.03926991603212135
1226,2017 Hyundai Grand i10 1.2 Kappa Sportz BSIV,May-17,Third Party,Petrol,5,47975.0,Second Owner,Manual,2017,18.9,1197.0,1197.0,8186.0,4.96,-0.046180197879303955
1227,2018 Mercedes-Benz C-Class C 220d Avantgarde Edition C,Oct-18,Comprehensive,Diesel,5,56000.0,First Owner,Automatic,2018,19.27,2143.0,2143.0,16762.0,29.5,-0.039096726010888705
1228,2014 Mercedes-Benz GL-Class 350 CDI Blue Efficiency,2014,Third Party insurance,Diesel,7,121000.0,First Owner,Automatic,2014,11.3,2987.0,2987.0,2548.0,35.0,-0.03750915081625611
1229,2015 Mercedes-Benz M-Class ML 250 CDI,Mar-15,Comprehensive,Diesel,5,78000.0,First Owner,Automatic,2015,15.26,2143.0,2143.0,2032.0,23.9,-0.04071316620906007
1230,2015 BMW X6 xDrive 40d M Sport,Jun-15,Comprehensive,Diesel,5,75000.0,Second Owner,Automatic,2015,15.87,2993.0,2993.0,30843.0,32.9,-0.03811531589057037
1231,2020 Land Rover Range Rover Evoque 2.0 R-Dynamic SE diesel 2020-2021,Oct-20,Comprehensive,Diesel,5,44000.0,First Owner,Automatic,2020,1999.0,2454.0,2454.0,430.0,53.5,-0.03216912516158283
1232,2019 Maruti Celerio ZXI AMT BSIV,Mar-19,Comprehensive,Petrol,5,42000.0,First Owner,Automatic,2019,23.1,998.0,998.0,6704.0,4.5,-0.04631297689558232
1233,2017 Maruti Ciaz 1.3 Alpha,2017,Third Party insurance,Diesel,5,32141.0,1248 cc,2017,Power Steering,1248.0,885.0,885.0,200.0,6.0,-0.045880001842500705
1234,2018 Maruti Baleno 1.2 CVT Alpha,2018,Third Party insurance,Petrol,5,60000.0,Third Owner,Automatic,2018,21.4,1197.0,1197.0,831.0,5.1,-0.04613978687434968
1235,2015 Hyundai Grand i10 Magna,Aug-15,Third Party insurance,Petrol,5,64657.0,First Owner,Manual,2015,1197.0,82.0,82.0,114.0,4.02,-0.046451528912568436
1236,2018 Honda Jazz 1.2 V AT i VTEC,May-18,Comprehensive,Petrol,5,100657.0,First Owner,Automatic,2018,19.0,1199.0,1199.0,887.0,5.67,-0.045975256354178665
1237,2018 Hyundai Creta 1.6 VTVT AT SX Plus,Jun-18,Comprehensive,Petrol,5,32000.0,First Owner,Automatic,2018,13.0,1591.0,1591.0,1213.0,10.9,-0.04446561666910075
1238,2012 Honda Brio S MT,Sep-12,Third Party,Petrol,5,50570.0,First Owner,Manual,2012,19.4,1198.0,1198.0,868.0,2.8,-0.046803681955741486
1239,2016 Hyundai Grand i10 Asta,Mar-16,Third Party,Petrol,5,42392.0,First Owner,Manual,2016,18.9,1197.0,1197.0,82.0,5.13,-0.04613112737328805
1240,2014 Ford Ecosport 1.5 DV5 MT Titanium,Aug-14,Third Party insurance,Diesel,5,78000.0,Second Owner,Manual,2014,22.7,1498.0,1498.0,8984.0,3.75,-0.04652946442212313
1241,2015 Hyundai Grand i10 Magna,Mar-16,Third Party,Petrol,5,62155.0,First Owner,Manual,2015,1197.0,82.0,82.0,114.0,4.19,-0.04640245840655252
1242,2007 Maruti SX4 Vxi BSIII,2007,Third Party insurance,Petrol,5,100000.0,Second Owner,Manual,2007,15.0,1586.0,1586.0,10468.0,1.55,-0.047164494499976166
1243,2016 Hyundai i20 Asta Option 1.4 CRDi,Mar-16,Comprehensive,Diesel,5,94822.0,Third Owner,Manual,2016,22.54,1396.0,1396.0,8873.0,5.43,-0.04604453236267172
1244,2016 Hyundai EON Era Plus,Dec-16,Third Party insurance,Petrol,5,59422.0,First Owner,Manual,2016,814.0,552.0,552.0,745.0,2.91,-0.04677193045184884
1245,2020 Kia Seltos HTX IVT,Oct-20,Comprehensive,Petrol,5,82000.0,First Owner,Automatic,2020,1497.0,11343.0,11343.0,144.0,13.9,-0.04359966656293752
1246,2017 Hyundai Verna VTVT 1.6 AT SX Option,Feb-18,Third Party,Petrol,5,70727.0,Second Owner,Automatic,2017,17.0,1591.0,1591.0,1213.0,9.12,-0.04497941373209094
1247,2020 Kia Seltos HTX IVT,Oct-20,Comprehensive,Petrol,5,79000.0,First Owner,Automatic,2020,1497.0,11343.0,11343.0,144.0,12.9,-0.04388831659832527
1248,2014 Renault Duster 110PS Diesel RxL,2014,Third Party insurance,Diesel,5,120000.0,Second Owner,Manual,2014,19.01,1461.0,1461.0,10845.0,3.45,-0.04661605943273946
1249,2012 Renault Scala Diesel RxZ,2012,Third Party insurance,Diesel,5,120000.0,First Owner,Manual,2012,21.64,1461.0,1461.0,848.0,2.25,-0.046962439475204745
1250,2013 Hyundai Elantra CRDi Base,2013,Third Party insurance,Diesel,5,120000.0,Third Owner,Manual,2013,22.7,1582.0,1582.0,12624.0,4.0,-0.0464573019132762
1251,2016 Mahindra TUV 300 T8 AMT,Nov-16,Comprehensive,Diesel,7,70000.0,First Owner,Automatic,2016,18.49,1493.0,1493.0,100.0,6.15,-0.045836704337192544
1252,2017 BMW X1 sDrive20d Expedition,Aug-17,Comprehensive,Diesel,5,61000.0,First Owner,Automatic,2017,20.68,1995.0,1995.0,188.0,19.75,-0.041911063855919216
1253,2014 Honda Amaze EX i-Vtech,Nov-14,Comprehensive,Petrol,5,92000.0,First Owner,Manual,2014,18.0,1198.0,1198.0,867.0,3.6,-0.046572761927431296
1254,2016 Honda BR-V i-VTEC S MT,Jan-16,Third Party insurance,Petrol,7,58857.0,First Owner,Manual,2016,15.4,1497.0,1497.0,1173.0,6.5,-0.04573567682480683
1255,2016 Maruti Wagon R VXI BS IV,Jun-16,Comprehensive,Petrol,5,68237.0,First Owner,Manual,2016,20.51,998.0,998.0,6704.0,3.89,-0.04648905341716885
1256,2021 Maruti Baleno Zeta,Jul-21,Zero Dep,Petrol,5,31237.0,First Owner,Manual,2021,21.01,1197.0,1197.0,8180.0,7.27,-0.045513416297558264
1257,2017 Hyundai Xcent 1.2 VTVT E Plus,Dec-17,Third Party insurance,Petrol,5,45000.0,First Owner,Manual,2017,20.14,1197.0,1197.0,8186.0,4.95,-0.04618308437965784
1258,2012 Maruti Swift VDI,Jun-12,Third Party,Diesel,5,93027.0,First Owner,Manual,2012,22.9,1248.0,1248.0,74.0,3.71,-0.046541010423538635
1259,2014 Maruti Swift Dzire VDI,Jun-14,Third Party,Diesel,5,122688.0,Second Owner,Manual,2014,23.4,1248.0,1248.0,74.0,4.22,-0.04639379890549089
1260,2020 Honda Amaze S i-DTEC,Nov-20,Comprehensive,Diesel,5,53000.0,First Owner,Manual,2020,25.8,1498.0,1498.0,986.0,6.75,-0.0456635143159599
1261,2019 Maruti Celerio X ZXI,Mar-19,Zero Dep,Petrol,5,60464.0,First Owner,Manual,2019,21.63,998.0,998.0,6705.0,4.6,-0.046284111892043546
1262,2023 Nissan Magnite XV Premium,2023,Third Party insurance,Petrol,5,10000.0,999 cc,2023,Power Steering,999.0,7102.0,7102.0,96.0,8.5,-0.045158376754031344
1263,2014 Honda City i VTEC SV,Apr-14,Third Party,Petrol,5,40171.0,First Owner,Manual,2014,17.4,1497.0,1497.0,1173.0,5.17,-0.04611958137187254
1264,2018 Honda Amaze S i-VTEC,Feb-19,Third Party,Petrol,5,122223.0,First Owner,Manual,2018,17.8,1198.0,1198.0,867.0,5.8,-0.04593773184957825
1265,2010 Hyundai i10 Magna 1.1,Aug-10,Third Party insurance,Petrol,5,44000.0,First Owner,Manual,2010,1086.0,6805.0,6805.0,9904.0,2.4,-0.046919141969896584
1266,2015 Hyundai Grand i10 AT Asta,Nov-15,Third Party,Petrol,5,77299.0,Second Owner,Automatic,2015,18.9,1197.0,1197.0,82.0,4.79,-0.04622926838531988
1267,2019 Tata Harrier XT Plus,Oct-19,Comprehensive,Diesel,5,39000.0,First Owner,Manual,2019,16.35,1956.0,1956.0,16767.0,13.95,-0.04358523406116814
1268,2018 Jeep Compass 2.0 Limited,2018,Third Party insurance,Diesel,5,120000.0,Second Owner,Manual,2018,17.1,1956.0,1956.0,170.0,11.0,-0.044436751665561984
1269,2022 MG Astor Sharp EX BSVI,Sep-22,Zero Dep,Petrol,5,29000.0,First Owner,Manual,2022,15.43,1498.0,1498.0,10849.0,12.9,-0.04388831659832527
1270,2017 Honda Jazz 1.2 S i VTEC,Jun-17,Comprehensive,Petrol,5,60000.0,First Owner,Manual,2017,18.7,1199.0,1199.0,887.0,4.75,-0.046240814386735385
1271,2017 Hyundai i20 1.4 Asta,Nov-17,Comprehensive,Diesel,5,80000.0,First Owner,Manual,2017,22.54,1396.0,1396.0,8873.0,6.9,-0.04562021681065173
1272,2015 Ford Ecosport 1.5 Diesel Titanium,Oct-15,Comprehensive,Diesel,5,78000.0,First Owner,Manual,2015,21.7,1498.0,1498.0,9896.0,5.5,-0.04602432686019458
1273,2016 Honda Amaze S Diesel,Feb-16,Comprehensive,Diesel,5,58000.0,First Owner,Manual,2016,24.7,1498.0,1498.0,9789.0,5.5,-0.04602432686019458
1274,2015 Hyundai Grand i10 CRDi Magna,Nov-15,Third Party insurance,Diesel,5,67000.0,First Owner,Manual,2015,1120.0,70.0,70.0,160.0,4.25,-0.04638513940442926
1275,2014 Maruti Swift LXI,May-14,Comprehensive,Petrol,5,44019.0,Second Owner,Manual,2014,18.6,1197.0,1197.0,858.0,3.15,-0.04670265444335578
1276,2021 Maruti Celerio ZXI Plus BSVI,Dec-21,Comprehensive,Petrol,5,11962.0,First Owner,Manual,2021,24.97,998.0,998.0,6571.0,5.69,-0.045969483353470904
1277,2009 Maruti Alto 800 LXi,May-09,Comprehensive,Petrol,5,44002.0,Third Owner,Manual,2009,19.7,796.0,796.0,463.0,95000.0,27.374141459780923
1278,2020 Maruti Alto 800 VXI BSVI,Oct-20,Comprehensive,Petrol,5,13066.0,First Owner,Manual,2020,22.05,796.0,796.0,4733.0,3.69,-0.046546783424246396
1279,2016 Hyundai Grand i10 Sportz,Oct-16,Comprehensive,Petrol,5,36015.0,First Owner,Manual,2016,18.9,1197.0,1197.0,82.0,3.61,-0.04656987542707741
1280,2021 Hyundai i20 Sportz IVT BSVI,Nov-21,Third Party insurance,Petrol,5,14000.0,Second Owner,Automatic,2021,19.65,1197.0,1197.0,8676.0,6.99,-0.04559423830746683
1281,2020 Maruti Wagon R CNG LXI,Nov-20,Comprehensive,CNG,5,11880.0,First Owner,Manual,2020,998.0,5833.0,5833.0,78.0,4.74,-0.04624370088708926
1282,2009 Hyundai i10 Era,Jan-09,Comprehensive,Petrol,5,35000.0,Second Owner,Manual,2009,1086.0,6805.0,6805.0,9904.0,2.25,-0.046962439475204745
1283,2015 Maruti Ertiga LDI,Feb-15,Comprehensive,Diesel,7,65018.0,First Owner,Manual,2015,1248.0,8850.0,8850.0,200.0,4.75,-0.046240814386735385
1284,2020 Maruti Alto 800 VXI BSVI,Nov-20,Comprehensive,Petrol,5,28061.0,First Owner,Manual,2020,22.05,796.0,796.0,4733.0,3.43,-0.046621832433447204
1285,2019 Renault Duster RXS Option CVT BSIV,Dec-19,Third Party insurance,Petrol,5,40300.0,First Owner,Automatic,2019,13.9,1498.0,1498.0,105.0,6.5,-0.04573567682480683
1286,2019 Maruti Alto K10 VXI,May-19,Comprehensive,Petrol,5,58231.0,First Owner,Manual,2019,23.95,998.0,998.0,6705.0,3.32,-0.046653583937339864
1287,2017 Hyundai Grand i10 1.2 Kappa Sportz Dual Tone,2017,Third Party insurance,Petrol,5,70000.0,1197 cc,2017,Power Steering,1197.0,8186.0,8186.0,11375.0,4.0,-0.0464573019132762
1288,2021 Hyundai i20 Asta Opt Turbo DCT BSVI,Jul-21,Third Party insurance,Petrol,5,13000.0,First Owner,Automatic,2021,20.28,998.0,998.0,11841.0,8.9,-0.045042916739876246
1289,2020 Maruti Alto 800 VXI BSVI,Dec-20,Comprehensive,Petrol,5,32997.0,First Owner,Manual,2020,22.05,796.0,796.0,4733.0,3.39,-0.046633378434862725
1290,2015 Honda Jazz 1.2 VX i VTEC,Aug-15,Comprehensive,Petrol,5,41203.0,First Owner,Manual,2015,18.7,1199.0,1199.0,887.0,3.99,-0.04646018841363007
1291,2015 Volkswagen Vento 1.5 TDI Highline,2015,Third Party insurance,Diesel,5,90000.0,1498 cc,2015,Power Steering,1498.0,1032.0,1032.0,250.0,3.5,-0.046601626930970065
1292,2019 Ford Aspire Titanium Plus BSIV,Jul-19,Comprehensive,Petrol,5,6818.0,First Owner,Manual,2019,19.4,1194.0,1194.0,9493.0,5.4,-0.04605319186373335
1293,2016 Honda City i DTec SV,Jan-16,Comprehensive,Diesel,5,44000.0,First Owner,Manual,2016,26.0,1498.0,1498.0,986.0,5.5,-0.04602432686019458
1294,2019 Honda City i-DTEC ZX,Mar-19,Third Party insurance,Diesel,5,29200.0,First Owner,Manual,2019,25.6,1498.0,1498.0,979.0,8.75,-0.04508621424518441
1295,2011 Hyundai i10 Magna 1.1L,Apr-11,Comprehensive,Petrol,5,16016.0,First Owner,Manual,2011,1086.0,6805.0,6805.0,9904.0,1.85,-0.047077899489359844
1296,2020 Maruti S-Presso VXI Plus 2019-2022,Sep-20,Comprehensive,Petrol,5,26638.0,First Owner,Manual,2020,21.7,998.0,998.0,6571.0,4.19,-0.04640245840655252
1297,2016 Honda City i DTec SV,Jan-16,Comprehensive,Diesel,5,44000.0,First Owner,Manual,2016,26.0,1498.0,1498.0,986.0,5.5,-0.04602432686019458
1298,2020 Maruti Wagon R CNG LXI,Feb-20,Comprehensive,CNG,5,18930.0,First Owner,Manual,2020,998.0,5833.0,5833.0,78.0,4.79,-0.04622926838531988
1299,2019 Porsche Cayenne Base,Apr-19,Third Party insurance,Petrol,5,5700.0,First Owner,Automatic,2019,2995.0,340.0,340.0,450.0,1.05,-0.04730881951767004
1300,2019 Honda City i-DTEC ZX,Mar-19,Third Party insurance,Diesel,5,29200.0,First Owner,Manual,2019,25.6,1498.0,1498.0,979.0,8.75,-0.04508621424518441
1301,2019 Maruti Wagon R CNG LXI,Jun-19,Comprehensive,CNG,5,26580.0,First Owner,Manual,2019,998.0,5833.0,5833.0,78.0,4.49,-0.0463158633959362
1302,2018 Honda BR-V i-VTEC V MT,Feb-18,Comprehensive,Petrol,7,35000.0,First Owner,Manual,2018,15.4,1497.0,1497.0,1173.0,7.45,-0.04546145929118848
1303,2018 Audi Q3 30 TFSI Premium FWD,Jun-18,Comprehensive,Petrol,5,32000.0,First Owner,Automatic,2018,16.9,1395.0,1395.0,14751.0,21.0,-0.041550251311684536
1304,2019 Hyundai Creta 1.6 SX Automatic Diesel,Apr-19,Comprehensive,Diesel,5,68499.0,First Owner,Automatic,2019,17.6,1582.0,1582.0,1262.0,10.83,-0.04448582217157789
1305,2018 Ford Ecosport 1.5 Diesel Titanium BSIV,May-18,Comprehensive,Diesel,5,53750.0,First Owner,Manual,2018,23.0,1498.0,1498.0,9896.0,6.85,-0.04563464931242112
1306,2019 Maruti Alto 800 VXI BSVI,May-19,Comprehensive,Petrol,5,48341.0,First Owner,Manual,2019,22.05,796.0,796.0,4733.0,3.03,-0.04673729244760231
1307,2018 Lamborghini Urus V8,Sep-18,Third Party insurance,Petrol,5,25000.0,First Owner,Automatic,2018,3996.0,641.0,641.0,850.0,3.6,-0.046572761927431296
1308,2018 Maruti Wagon R VXI 1.2 BSIV,Feb-18,Comprehensive,Petrol,5,34260.0,First Owner,Manual,2018,21.5,1197.0,1197.0,8180.0,3.95,-0.04647173441504558
1309,2018 Ford Ecosport 1.5 Diesel Trend BSIV,Dec-18,Comprehensive,Diesel,5,48380.0,Second Owner,Manual,2018,23.0,1498.0,1498.0,9896.0,5.83,-0.04592907234851662
1310,2018 Hyundai Creta 1.6 CRDi SX Plus,Nov-18,Third Party insurance,Diesel,5,52000.0,First Owner,Manual,2018,19.67,1582.0,1582.0,1262.0,9.95,-0.04473983420271912
1311,2016 Maruti Omni E MPI STD,Mar-16,Comprehensive,Petrol,8,23022.0,Second Owner,Manual,2016,796.0,342.0,342.0,59.0,2.25,-0.046962439475204745
1312,2019 Maruti Alto K10 VXI Optional,Jun-19,Comprehensive,Petrol,5,26610.0,First Owner,Manual,2019,23.95,998.0,998.0,6705.0,3.65,-0.046558329425661904
1313,2018 Maruti Ertiga 1.5 VDI,Apr-18,Comprehensive,Diesel,7,66019.0,First Owner,Manual,2018,24.2,1498.0,1498.0,9387.0,7.75,-0.04537486428057215
1314,2014 Maruti Alto K10 2010-2014 VXI,Aug-14,Comprehensive,Petrol,5,42320.0,First Owner,Manual,2014,998.0,671.0,671.0,90.0,2.29,-0.04695089347378924
1315,2020 Maruti Wagon R CNG LXI,Feb-20,Comprehensive,CNG,5,25484.0,First Owner,Manual,2020,998.0,5833.0,5833.0,78.0,4.77,-0.04623504138602763
1316,2013 Maruti Zen Estilo LXI,Apr-15,Comprehensive,Petrol,5,25171.0,First Owner,Manual,2013,998.0,671.0,671.0,90.0,2.22,-0.04697109897626638
1317,2011 Hyundai i20 1.4 CRDi Asta,May-11,Comprehensive,Diesel,5,78006.0,Second Owner,Manual,2011,23.0,1396.0,1396.0,904000.0,2.55,-0.04687584446458842
1318,2018 Nissan Micra XL CVT,Jan-19,Comprehensive,Petrol,5,21607.0,First Owner,Automatic,2018,19.34,1198.0,1198.0,7594.0,4.7,-0.04625524688850478
1319,2019 Kia Seltos GTX Plus DCT,Nov-19,Comprehensive,Petrol,5,52162.0,First Owner,Automatic,2019,16.5,1353.0,1353.0,13808.0,11.92,-0.04417119363300526
1320,2016 BMW 7 Series 730Ld Design Pure Excellence,Nov-16,Comprehensive,Diesel,5,23435.0,First Owner,Automatic,2016,16.77,2993.0,2993.0,26149.0,45.0,-0.03462265046237866
1321,2021 Skoda Kushaq 1.0 TSI Style BSVI,Nov-21,Comprehensive,Petrol,5,20336.0,First Owner,Manual,2021,19.2,999.0,999.0,11398.0,12.81,-0.04391429510151016
1322,2018 Maruti SX4 S Cross Alpha DDiS 200 SH,Jun-18,Comprehensive,Diesel,5,68591.0,First Owner,Manual,2018,25.1,1248.0,1248.0,885.0,6.75,-0.0456635143159599
1323,2014 Maruti Swift VDI BSIV,Oct-14,Comprehensive,Diesel,5,65341.0,First Owner,Manual,2014,25.2,1248.0,1248.0,74.0,3.44,-0.046618945933093334
1324,2017 Datsun RediGO 1.0 T Option,Nov-17,Comprehensive,Petrol,5,23329.0,First Owner,Manual,2017,22.5,999.0,999.0,67.0,2.72,-0.04682677395857251
1325,2015 Honda City i DTEC VX,Nov-15,Comprehensive,Diesel,5,84000.0,First Owner,Manual,2015,25.1,1498.0,1498.0,986.0,5.25,-0.04609648936904151
1326,2018 Toyota Corolla Altis 1.4 DG,Feb-18,Comprehensive,Diesel,5,19000.0,First Owner,Manual,2018,21.43,1364.0,1364.0,8679.0,14.95,-0.04329658402578039
1327,2013 Maruti Ritz LDi,Oct-13,Comprehensive,Diesel,5,100500.0,Third Owner,Manual,2013,1248.0,7394.0,7394.0,190.0,2.45,-0.0469047094681272
1328,2019 Ford Ecosport 1.5 Diesel Titanium BSIV,Jan-19,Third Party insurance,Diesel,5,58500.0,First Owner,Manual,2019,23.0,1498.0,1498.0,9896.0,6.65,-0.04569237931949867
1329,2018 Volvo S60 Cross Country D4 AWD BSIV,May-18,Comprehensive,Diesel,5,66455.0,First Owner,Automatic,2018,19.6,2400.0,2400.0,190.0,19.35,-0.042026523870074314
1330,2023 Maruti Celerio ZXI Plus,Mar-23,Comprehensive,Petrol,5,1229.0,First Owner,Manual,2023,24.97,998.0,998.0,6571.0,5.9,-0.045908866846039474
1331,2022 Audi Q5 Premium plus BSVI,Sep-22,Third Party insurance,Petrol,5,12100.0,First Owner,Automatic,2022,245.59,370.0,370.0,19.0,50.0,-0.03317940028543994
1332,2021 Kia Sonet HTX Turbo DCT,Feb-21,Comprehensive,Petrol,5,26597.0,First Owner,Automatic,2021,18.2,998.0,998.0,11835.0,9.25,-0.04494188922749053
1333,2015 Maruti Swift VXI BSIV,Jun-15,Comprehensive,Petrol,5,73616.0,First Owner,Manual,2015,22.0,1197.0,1197.0,8180.0,3.75,-0.04652946442212313
1334,2011 Hyundai i20 Magna,Feb-12,Comprehensive,Petrol,5,53657.0,First Owner,Manual,2011,18.5,1197.0,1197.0,805200.0,2.63,-0.04685275246175741
1335,2014 Hyundai EON D Lite Plus,Oct-14,Comprehensive,Petrol,5,37016.0,First Owner,Manual,2014,814.0,552.0,552.0,745.0,2.05,-0.04702016948228229
1336,2017 Honda Jazz 1.2 SV i VTEC,May-17,Comprehensive,Petrol,5,62466.0,First Owner,Manual,2017,18.7,1199.0,1199.0,887.0,3.9,-0.04648616691681497
1337,2021 Hyundai Grand i10 Nios Sportz,Sep-21,Comprehensive,Petrol,5,20041.0,First Owner,Manual,2021,20.7,1197.0,1197.0,8186.0,6.19,-0.045825158335777036
1338,2017 Maruti Swift VXI,Jan-17,Comprehensive,Petrol,5,49000.0,First Owner,Manual,2017,21.21,1197.0,1197.0,8180.0,3.65,-0.046558329425661904
1339,2014 Maruti Swift Dzire VXI,Mar-14,Comprehensive,Petrol,5,44669.0,First Owner,Manual,2014,19.1,1197.0,1197.0,858.0,3.79,-0.04651791842070762
1340,2019 Hyundai Grand i10 Nios AMT Sportz,Dec-19,Comprehensive,Petrol,5,28500.0,First Owner,Automatic,2019,20.7,1197.0,1197.0,8186.0,5.45,-0.046038759361963964
1341,2014 Maruti Wagon R VXi BSII,Aug-14,Comprehensive,Petrol,5,19843.0,First Owner,Manual,2014,998.0,671.0,671.0,90.0,3.05,-0.04673151944689455
1342,2014 Maruti Swift Dzire VXI,Oct-14,Comprehensive,Petrol,5,44800.0,First Owner,Manual,2014,19.1,1197.0,1197.0,858.0,3.81,-0.046512145419999866
1343,2016 Maruti Swift VXI,Apr-16,Comprehensive,Petrol,5,44275.0,First Owner,Manual,2016,21.21,1197.0,1197.0,8180.0,3.75,-0.04652946442212313
1344,2020 Maruti Swift VXI,Oct-20,Comprehensive,Petrol,5,27012.0,First Owner,Manual,2020,21.21,1197.0,1197.0,8180.0,5.45,-0.046038759361963964
1345,2018 Maruti Wagon R VXI AMT 1.2,Nov-18,Comprehensive,Petrol,5,35629.0,First Owner,Automatic,2018,20.52,1197.0,1197.0,8180.0,4.25,-0.04638513940442926
1346,2017 Maruti Alto K10 VXI,Jun-17,Comprehensive,Petrol,5,37009.0,First Owner,Manual,2017,23.95,998.0,998.0,6705.0,2.75,-0.04681811445751088
1347,2011 Hyundai i10 Sportz AT,Aug-11,Comprehensive,Petrol,5,28000.0,First Owner,Automatic,2011,16.95,1197.0,1197.0,789.0,2.7,-0.04683254695928026
1348,2014 Hyundai i10 Sportz 1.1L,Jan-14,Comprehensive,Petrol,5,46022.0,First Owner,Manual,2014,19.81,1086.0,1086.0,6805.0,2.35,-0.046933574471665976
1349,2009 Hyundai i10 Era 1.1,2009,Third Party insurance,Petrol,5,100000.0,First Owner,Manual,2009,1086.0,6805.0,6805.0,9904.0,1.25,-0.047251089510592495
1350,2018 Maruti Ertiga BSIV VXI,Dec-18,Comprehensive,Petrol,7,22302.0,First Owner,Manual,2018,17.5,1373.0,1373.0,911.0,6.9,-0.04562021681065173
1351,2021 Audi Q8 55 TFSI Quattro BSVI,Oct-21,Third Party insurance,Petrol,5,17000.0,Second Owner,Automatic,2021,9.8,2995.0,2995.0,340.0,80.0,-0.024519899223807595
1352,2023 Tata Harrier XZA Plus Red Dark Diesel AT BSVI,May-23,Comprehensive,Diesel,5,7400.0,First Owner,Automatic,2023,14.6,1956.0,1956.0,16767.0,20.25,-0.04176673883822534
1353,2018 Datsun RediGO T Option,Apr-18,Comprehensive,Petrol,5,17024.0,Second Owner,Manual,2018,22.7,799.0,799.0,5364.0,2.72,-0.04682677395857251
1354,2014 Toyota Etios Liva VXD,Nov-14,Comprehensive,Diesel,5,71649.0,First Owner,Manual,2014,23.59,1364.0,1364.0,6704.0,3.32,-0.046653583937339864
1355,2022 Maruti Wagon R LXI,Nov-22,Comprehensive,Petrol,5,9016.0,First Owner,Manual,2022,998.0,6705.0,6705.0,90.0,5.05,-0.046154219376119056
1356,2015 Toyota Etios V,Oct-15,Comprehensive,Petrol,5,44999.0,First Owner,Manual,2015,16.78,1496.0,1496.0,8873.0,3.74,-0.046532350922477005
1357,2016 Renault Duster 85PS Diesel RxS,Aug-16,Comprehensive,Diesel,5,78106.0,First Owner,Manual,2016,19.87,1461.0,1461.0,838.0,5.1,-0.04613978687434968
1358,2015 Hyundai EON Era Plus,Feb-15,Comprehensive,Petrol,5,34016.0,First Owner,Manual,2015,814.0,552.0,552.0,745.0,2.15,-0.04699130447874352
1359,2014 Maruti Swift VDI BSIV,Sep-14,Comprehensive,Diesel,5,85692.0,First Owner,Manual,2014,25.2,1248.0,1248.0,74.0,3.47,-0.046610286432031696
1360,2021 Tata Nexon XM BSVI,Mar-21,Third Party insurance,Petrol,5,6500.0,First Owner,Manual,2021,17.33,1199.0,1199.0,11835.0,7.98,-0.04530847477243297
1361,2021 Hyundai Venue SX Turbo,Mar-21,Comprehensive,Petrol,5,35080.0,First Owner,Manual,2021,18.27,998.0,998.0,11835.0,8.99,-0.045016938236691346
1362,2016 Volkswagen Polo 1.2 MPI Comfortline,Jun-16,Comprehensive,Petrol,5,77727.0,First Owner,Manual,2016,16.2,1199.0,1199.0,74.0,3.77,-0.046523691421415374
1363,2014 Hyundai i20 Sportz 1.2,Oct-14,Comprehensive,Petrol,5,43000.0,First Owner,Manual,2014,18.5,1197.0,1197.0,8285.0,3.49,-0.04660451343132394
1364,2019 Hyundai Grand i10 Sportz Petrol BSIV,Mar-19,Comprehensive,Petrol,5,30000.0,First Owner,Manual,2019,18.9,1197.0,1197.0,8186.0,4.25,-0.04638513940442926
1365,2016 Mahindra NuvoSport N6,Nov-16,Comprehensive,Diesel,7,42364.0,First Owner,Manual,2016,17.45,1493.0,1493.0,100.0,4.5,-0.04631297689558232
1366,2015 Honda Brio VX AT,Sep-15,Comprehensive,Petrol,5,7000.0,Second Owner,Automatic,2015,16.5,1198.0,1198.0,868.0,4.95,-0.04618308437965784
1367,2016 Honda Jazz 1.2 V i VTEC,Nov-16,Comprehensive,Petrol,5,54000.0,First Owner,Manual,2016,18.7,1199.0,1199.0,887.0,3.95,-0.04647173441504558
1368,2009 Maruti Swift Dzire VXi,Jan-09,Comprehensive,Petrol,5,45000.0,First Owner,Manual,2009,17.5,1298.0,1298.0,858.0,2.25,-0.046962439475204745
1369,2013 Maruti Swift Dzire VXI,Nov-13,Comprehensive,Petrol,5,44018.0,First Owner,Manual,2013,19.1,1197.0,1197.0,858.0,3.45,-0.04661605943273946
1370,2020 Honda Civic VX,Jan-20,Third Party insurance,Petrol,5,18500.0,First Owner,Automatic,2020,16.5,1799.0,1799.0,13946.0,12.9,-0.04388831659832527
1371,2011 Hyundai Santro Xing GLS,Sep-11,Comprehensive,Petrol,5,43002.0,First Owner,Manual,2011,17.92,1086.0,1086.0,621.0,1.75,-0.04710676449289862
1372,2020 Mercedes-Benz GLC 200,Dec-20,Third Party insurance,Petrol,5,13200.0,First Owner,Automatic,2020,12.74,1991.0,1991.0,197.0,50.0,-0.03317940028543994
1373,2019 Renault KWID 1.0 RXT Optional,Sep-19,Comprehensive,Petrol,5,69381.0,First Owner,Manual,2019,23.01,999.0,999.0,67.0,3.27,-0.04666801643910924
1374,2015 Hyundai Creta 1.6 CRDi SX Option,Sep-15,Comprehensive,Diesel,5,64275.0,First Owner,Manual,2015,19.67,1582.0,1582.0,1262.0,6.28,-0.045799179832592136
1375,2021 Mahindra Thar LX 4-Str Convert Top AT BSVI,Feb-21,Comprehensive,Petrol,4,7421.0,First Owner,Automatic,2021,15.2,1997.0,1997.0,150.0,12.49,-0.044006663112834236
1376,2021 Honda City ZX CVT,Dec-21,Comprehensive,Petrol,5,5252.0,First Owner,Automatic,2021,18.3,1498.0,1498.0,11935.0,12.07,-0.044127896127697096
1377,2014 Toyota Etios V,Jan-15,Comprehensive,Petrol,5,63663.0,First Owner,Manual,2014,16.78,1496.0,1496.0,8873.0,3.41,-0.046627605434154965
1378,2015 Honda City i VTEC VX,Apr-15,Comprehensive,Petrol,5,60545.0,First Owner,Manual,2015,17.8,1497.0,1497.0,1173.0,5.55,-0.04600989435842519
1379,2016 Honda Amaze S i-VTEC,Oct-16,Comprehensive,Petrol,5,85602.0,First Owner,Manual,2016,17.8,1198.0,1198.0,867.0,3.33,-0.04665069743698598
1380,2019 Toyota Fortuner 2.8 4WD AT BSIV,Sep-19,Comprehensive,Diesel,7,35902.0,First Owner,Automatic,2019,15.04,2755.0,2755.0,1745.0,28.0,-0.03952970106397032
1381,2018 Hyundai Creta 1.6 SX Option,Aug-18,Comprehensive,Petrol,5,87172.0,First Owner,Manual,2018,15.8,1591.0,1591.0,1213.0,7.88,-0.04533733977597174
1382,2014 Volkswagen Polo Petrol Highline 1.2L,Oct-14,Comprehensive,Petrol,5,52950.0,Second Owner,Manual,2014,16.47,1198.0,1198.0,739.0,3.72,-0.046538123923184765
1383,2016 Hyundai Verna 1.6 VTVT S,Jan-16,Comprehensive,Petrol,5,42005.0,First Owner,Manual,2016,17.01,1591.0,1591.0,1213.0,4.71,-0.04625236038815089
1384,2018 Hyundai Creta 1.6 SX Option,Nov-18,Comprehensive,Petrol,5,64000.0,First Owner,Manual,2018,15.8,1591.0,1591.0,1213.0,8.25,-0.04523053926287828
1385,2019 Hyundai Verna VTVT 1.6 SX Option,Nov-19,Comprehensive,Petrol,5,32000.0,First Owner,Manual,2019,17.0,1591.0,1591.0,1213.0,8.25,-0.04523053926287828
1386,2018 Hyundai Creta 1.6 SX Option,Jun-18,Comprehensive,Petrol,5,65000.0,First Owner,Manual,2018,15.8,1591.0,1591.0,1213.0,8.5,-0.045158376754031344
1387,2018 Hyundai Elantra 2.0 SX,Aug-18,Comprehensive,Petrol,5,21000.0,First Owner,Manual,2018,14.59,1999.0,1999.0,14992.0,8.85,-0.04505734924164563
1388,2016 Toyota Corolla Altis 1.8 G CVT,Apr-16,Comprehensive,Petrol,5,39450.0,First Owner,Automatic,2016,14.28,1798.0,1798.0,13803.0,8.15,-0.04525940426641705
1389,2017 Hyundai Elantra 2.0 SX,Apr-19,Comprehensive,Petrol,5,32000.0,First Owner,Manual,2017,14.59,1999.0,1999.0,14992.0,8.85,-0.04505734924164563
1390,2018 Honda WR-V i-VTEC VX,Jun-18,Comprehensive,Petrol,5,60314.0,First Owner,Manual,2018,17.5,1199.0,1199.0,887.0,5.75,-0.04595216435134764
1391,2018 Hyundai Verna VTVT 1.4 EX,Dec-18,Comprehensive,Petrol,5,4000.0,First Owner,Manual,2018,19.1,1368.0,1368.0,986.0,7.49,-0.045449913289772964
1392,2017 Maruti Ciaz Delta Diesel,Nov-17,Comprehensive,Diesel,5,65000.0,First Owner,Automatic,2017,28.09,1248.0,1248.0,8850.0,5.25,-0.04609648936904151
1393,2015 Hyundai Creta 1.6 CRDi SX Option,Dec-15,Comprehensive,Diesel,5,78019.0,First Owner,Manual,2015,19.67,1582.0,1582.0,1262.0,6.39,-0.04576742832869949
1394,2020 Renault Duster RXZ,Sep-20,Comprehensive,Petrol,5,42970.0,First Owner,Manual,2020,16.42,1498.0,1498.0,10455.0,7.64,-0.04540661578446481
1395,2010 Toyota Innova 2.5 GX 7 STR BSIV,Jun-10,Comprehensive,Diesel,7,176000.0,First Owner,Manual,2010,12.8,2494.0,2494.0,102.0,4.4,-0.04634184189912109
1396,2019 Maruti Wagon R VXI 1.2,Feb-19,Comprehensive,Petrol,5,24100.0,First Owner,Manual,2019,20.52,1197.0,1197.0,8180.0,4.74,-0.04624370088708926
1397,2015 Maruti Baleno 1.2 Alpha,Dec-15,Comprehensive,Petrol,5,51123.0,First Owner,Manual,2015,21.4,1197.0,1197.0,831.0,4.71,-0.04625236038815089
1398,2016 Skoda Octavia Ambition 1.4 TSI MT,May-16,Comprehensive,Petrol,5,66000.0,First Owner,Manual,2016,16.8,1395.0,1395.0,13802.0,5.95,-0.045894434344270096
1399,2015 Maruti Baleno 1.3 Zeta,Feb-16,Comprehensive,Diesel,5,48405.0,First Owner,Manual,2015,27.39,1248.0,1248.0,74.0,4.98,-0.04617442487859621
1400,2013 Audi A6 2.0 TDI Premium Plus,Nov-13,Comprehensive,Diesel,5,52305.0,First Owner,Automatic,2013,17.68,1968.0,1968.0,17433.0,10.75,-0.044508914174408915
1401,2015 Hyundai Grand i10 CRDi Asta,Jun-15,Comprehensive,Diesel,5,46488.0,Second Owner,Manual,2015,24.0,1120.0,1120.0,70.0,3.71,-0.046541010423538635
1402,2018 Hyundai i20 Diesel Sportz,Jan-19,Comprehensive,Diesel,5,71842.0,First Owner,Manual,2018,22.54,1396.0,1396.0,8876.0,5.29,-0.046084943367626
1403,2014 Honda City i DTEC SV,Jul-14,Comprehensive,Diesel,5,91000.0,Third Owner,Manual,2014,26.0,1498.0,1498.0,986.0,3.95,-0.04647173441504558
1404,2013 Hyundai i20 Magna 1.4 CRDi (Diesel),Jul-13,Comprehensive,Diesel,5,51334.0,First Owner,Manual,2013,21.9,1396.0,1396.0,8876.0,2.8,-0.046803681955741486
1405,2016 Toyota Fortuner 2.8 2WD AT BSIV,Apr-16,Comprehensive,Diesel,7,72560.0,First Owner,Automatic,2016,12.9,2755.0,2755.0,1745.0,16.7,-0.04279144646385184
1406,2018 Hyundai Santro Sportz BSIV,Dec-18,Comprehensive,Petrol,5,68000.0,First Owner,Manual,2018,20.3,1086.0,1086.0,68.0,3.85,-0.04650059941858436
1407,2014 Maruti Swift Dzire VXI,Jan-14,Comprehensive,Petrol,5,45000.0,First Owner,Manual,2014,22.41,1197.0,1197.0,8850.0,3.6,-0.046572761927431296
1408,2013 Mitsubishi Cedia Sports,Mar-13,Comprehensive,Petrol,5,44000.0,First Owner,Manual,2013,13.17,1999.0,1999.0,114.0,3.95,-0.04647173441504558
1409,2016 Skoda Superb LK 1.8 TSI AT,Jul-16,Comprehensive,Petrol,5,47000.0,First Owner,Automatic,2016,14.67,1798.0,1798.0,17746.0,10.95,-0.04445118416733137
1410,2016 Toyota Fortuner 4x2 AT,May-16,Comprehensive,Diesel,7,92044.0,First Owner,Automatic,2016,12.55,2982.0,2982.0,1685.0,16.5,-0.04284917647092939
1411,2018 Audi Q7 45 TDI Quattro Technology,2018,Third Party insurance,Diesel,7,40000.0,First Owner,Automatic,2018,14.75,2967.0,2967.0,245.0,46.0,-0.03433400042699092
1412,2015 Honda City i VTEC VX,Apr-15,Comprehensive,Petrol,5,60545.0,First Owner,Manual,2015,17.4,1497.0,1497.0,1173.0,5.5,-0.04602432686019458
1413,2014 Maruti Ritz VDi,Oct-14,Comprehensive,Diesel,5,79097.0,First Owner,Manual,2014,1248.0,7394.0,7394.0,190.0,3.29,-0.046662243438401495
1414,2013 Maruti Swift Dzire VXI,Jan-14,Comprehensive,Petrol,5,68619.0,Second Owner,Manual,2013,19.1,1197.0,1197.0,858.0,3.44,-0.046618945933093334
1415,2014 Audi Q5 30 TDI quattro Premium,May-14,Comprehensive,Diesel,5,34452.0,First Owner,Automatic,2014,14.16,1968.0,1968.0,1743.0,16.75,-0.04277701396208245
1416,2017 Hyundai Grand i10 1.2 CRDi Sportz,Jul-17,Comprehensive,Diesel,5,40326.0,First Owner,Manual,2017,24.0,1186.0,1186.0,7397.0,5.22,-0.04610514887010315
1417,2019 Datsun GO T Option,Sep-19,Comprehensive,Petrol,5,40021.0,First Owner,Manual,2019,19.02,1198.0,1198.0,6705.0,3.92,-0.04648039391610722
1418,2019 Maruti Wagon R LXI,Nov-19,Comprehensive,Petrol,5,44000.0,First Owner,Manual,2019,998.0,6705.0,6705.0,90.0,3.99,-0.04646018841363007
1419,2019 Maruti Wagon R VXI 1.2,Jan-20,Third Party,Petrol,5,7962.0,First Owner,Manual,2019,20.52,1197.0,1197.0,8180.0,4.89,-0.04620040338178111
1420,2012 Toyota Innova 2.5 VX 7 STR BSIV,Jun-12,Comprehensive,Diesel,7,260000.0,First Owner,Manual,2012,12.8,2494.0,2494.0,102.0,6.25,-0.04580783933365377
1421,2018 Nissan Micra Active XV,May-18,Comprehensive,Petrol,5,44508.0,First Owner,Manual,2018,19.69,1198.0,1198.0,6704.0,3.38,-0.046636264935216595
1422,2014 Hyundai Elantra SX AT,Mar-14,Comprehensive,Petrol,5,58958.0,First Owner,Automatic,2014,14.5,1797.0,1797.0,1475.0,5.25,-0.04609648936904151
1423,2018 Maruti Ignis 1.2 Zeta BSIV,Aug-18,Third Party insurance,Petrol,5,44000.0,Second Owner,Manual,2018,20.89,1197.0,1197.0,8180.0,4.65,-0.04626967939027416
1424,2022 Toyota Urban cruiser Premium,May-22,Comprehensive,Petrol,5,48188.0,First Owner,Manual,2022,17.03,1462.0,1462.0,10326.0,8.25,-0.04523053926287828
1425,2009 Hyundai i10 Sportz,Dec-09,Comprehensive,Petrol,5,55000.0,First Owner,Manual,2009,20.36,1197.0,1197.0,789.0,1.51,-0.04717604050139168
1426,2013 Hyundai Grand i10 Magna,Oct-13,Comprehensive,Petrol,5,24268.0,First Owner,Manual,2013,1197.0,82.0,82.0,114.0,2.85,-0.0467892494539721
1427,2019 Hyundai Creta 1.6 CRDi AT SX Plus,Mar-19,Comprehensive,Diesel,5,23000.0,First Owner,Automatic,2019,17.01,1582.0,1582.0,1262.0,10.5,-0.04458107668325585
1428,2020 MG Hector Sharp AT BSIV,Dec-20,Comprehensive,Petrol,5,38502.0,First Owner,Automatic,2020,13.96,1451.0,1451.0,141.0,13.75,-0.043642964068245686
1429,2017 Hyundai Creta 1.6 CRDi SX Plus,Jun-17,Comprehensive,Diesel,5,35000.0,First Owner,Manual,2017,19.67,1582.0,1582.0,1262.0,7.5,-0.04544702678941909
1430,2020 Kia Seltos GTX Plus,Jan-20,Comprehensive,Petrol,5,43487.0,First Owner,Manual,2020,16.5,1353.0,1353.0,13808.0,13.5,-0.04371512657709262
1431,2018 Maruti Vitara Brezza ZDi Plus AMT Dual Tone,Jul-18,Comprehensive,Diesel,5,32000.0,First Owner,Automatic,2018,24.3,1248.0,1248.0,885.0,7.5,-0.04544702678941909
1432,2019 Mercedes-Benz GLA Class 200 d Sport,Apr-19,Third Party insurance,Diesel,5,14400.0,First Owner,Automatic,2019,17.9,2143.0,2143.0,136.0,24.0,-0.0406843012055213
1433,2017 Volkswagen Polo 1.2 MPI Trendline,Oct-17,Comprehensive,Petrol,5,62920.0,First Owner,Manual,2017,1198.0,74.0,74.0,110.0,5.27,-0.046090716368333756
1434,2012 Maruti A-Star Vxi,Feb-12,Comprehensive,Petrol,5,60467.0,First Owner,Manual,2012,19.0,998.0,998.0,661.0,2.8,-0.046803681955741486
1435,2014 Hyundai i10 Sportz 1.1L,Aug-14,Comprehensive,Petrol,5,65017.0,Second Owner,Manual,2014,19.81,1086.0,1086.0,6805.0,2.25,-0.046962439475204745
1436,2017 Maruti Swift Dzire ZXI 1.2,Nov-17,Comprehensive,Petrol,5,38015.0,First Owner,Manual,2017,21.21,1197.0,1197.0,8180.0,5.47,-0.04603298636125621
1437,2017 Toyota Etios Liva 1.2 V,Oct-17,Comprehensive,Petrol,5,49134.0,First Owner,Manual,2017,17.71,1197.0,1197.0,789.0,4.42,-0.046336068898413345
1438,2016 Maruti Wagon R VXI AMT,Jan-16,Comprehensive,Petrol,5,37100.0,Second Owner,Automatic,2016,21.79,998.0,998.0,6705.0,3.1,-0.046717086945125164
1439,2021 Hyundai i20 Asta Opt Turbo DCT BSVI,Mar-21,Comprehensive,Petrol,5,69977.0,First Owner,Automatic,2021,20.28,998.0,998.0,11841.0,8.69,-0.045103533247307676
1440,2017 Nissan Micra CVT XV,Dec-17,Comprehensive,Petrol,5,16937.0,First Owner,Automatic,2017,19.34,1198.0,1198.0,7594.0,3.25,-0.046673789439817
1441,2018 Mahindra XUV500 W7 BSIV,May-18,Comprehensive,Diesel,7,51441.0,First Owner,Manual,2018,15.1,2179.0,2179.0,15287.0,10.71,-0.04452046017582442
1442,2017 Maruti Swift Dzire AMT ZXI,Jul-17,Comprehensive,Petrol,5,53947.0,First Owner,Automatic,2017,21.21,1197.0,1197.0,8180.0,5.62,-0.04598968885594805
1443,2020 Kia Seltos GTX Option,Nov-20,Comprehensive,Petrol,5,30000.0,First Owner,Manual,2020,16.5,1353.0,1353.0,13808.0,13.2,-0.043801721587708946
1444,2015 Hyundai i20 Asta 1.2,Apr-15,Third Party,Petrol,5,40909.0,First Owner,Manual,2015,18.6,1197.0,1197.0,8183.0,4.35,-0.04635627440089048
1445,2019 Mahindra TUV 300 T6 Plus,Nov-19,Comprehensive,Diesel,7,70000.0,First Owner,Manual,2019,18.49,1493.0,1493.0,100.0,5.75,-0.04595216435134764
1446,2011 Maruti Swift Dzire 1.2 Vxi BSIV,May-11,Comprehensive,Petrol,5,69000.0,Second Owner,Manual,2011,17.5,1197.0,1197.0,858.0,2.25,-0.046962439475204745
1447,2017 Honda Jazz 1.2 SV i VTEC,Mar-17,Comprehensive,Petrol,5,28662.0,First Owner,Manual,2017,18.7,1199.0,1199.0,887.0,3.85,-0.04650059941858436
1448,2021 Tata Harrier XTA Plus AT BSVI,Nov-21,Comprehensive,Diesel,5,46912.0,First Owner,Automatic,2021,14.6,1956.0,1956.0,16767.0,16.25,-0.04292133897977632
1449,2014 Audi Q3 2.0 TFSI Quattro Premium Plus,2014,Third Party insurance,Petrol,5,90000.0,1984 cc,2014,Power Steering,1984.0,207.0,207.0,300.0,8.0,-0.04530270177172521
1450,2013 Volkswagen Vento Petrol Comfortline,Nov-13,Comprehensive,Petrol,5,65000.0,First Owner,Manual,2013,15.04,1598.0,1598.0,1036.0,2.5,-0.04689027696635781
1451,2013 Mercedes-Benz C-Class C 220 CDI Avantgarde,Dec-13,Comprehensive,Diesel,5,40238.0,First Owner,Automatic,2013,19.27,2143.0,2143.0,170.0,12.5,-0.044003776612480366
1452,2020 Volkswagen Ameo 1.5 TDI Comfortline,Mar-20,Comprehensive,Diesel,5,52000.0,First Owner,Manual,2020,21.66,1498.0,1498.0,10862.0,4.45,-0.046327409397351714
1453,2021 Hyundai Santro Asta,Mar-21,Comprehensive,Petrol,5,22873.0,First Owner,Manual,2021,20.3,1086.0,1086.0,6805.0,4.73,-0.046246587387443146
1454,2012 Maruti A-Star Zxi,Oct-12,Comprehensive,Petrol,5,77389.0,First Owner,Manual,2012,19.0,998.0,998.0,661.0,2.27,-0.04695666647449699
1455,2018 Maruti Swift VVT VXI,Dec-18,Comprehensive,Petrol,5,32000.0,First Owner,Manual,2018,22.0,1197.0,1197.0,8180.0,5.3,-0.046082056867272125
1456,2016 Skoda Rapid 1.5 TDI AT Style Plus,Oct-16,Comprehensive,Diesel,5,88935.0,First Owner,Automatic,2016,21.66,1498.0,1498.0,10352.0,4.85,-0.046211949383196615
1457,2018 Nissan Micra Active XV,Oct-18,Comprehensive,Petrol,5,53681.0,Second Owner,Manual,2018,19.69,1198.0,1198.0,6704.0,3.04,-0.04673440594724843
1458,2018 Mahindra Bolero ZLX,Aug-18,Third Party insurance,Diesel,7,60000.0,First Owner,Manual,2018,15.96,2523.0,2523.0,621.0,5.65,-0.04598102935488641
1459,2015 Hyundai i20 Active 1.4 SX,May-15,Comprehensive,Diesel,5,49441.0,First Owner,Manual,2015,21.19,1396.0,1396.0,8873.0,4.89,-0.04620040338178111
1460,2019 Toyota Innova Crysta 2.4 VX MT BSIV,Aug-19,Comprehensive,Diesel,7,41000.0,First Owner,Manual,2019,13.68,2393.0,2393.0,1478.0,16.95,-0.042719283955004905
1461,2021 Maruti Ciaz S,Mar-21,Comprehensive,Petrol,5,23838.0,First Owner,Manual,2021,20.65,1462.0,1462.0,10325.0,8.85,-0.04505734924164563
1462,2021 Skoda Octavia L and K 1.9 TDI MT,Mar-21,Comprehensive,Diesel,5,26719.0,First Owner,Manual,2021,16.4,1896.0,1896.0,90.0,7.89,-0.04533445327561787
1463,2020 Mercedes-Benz GLS 400d 4MATIC BSVI,Jul-20,Comprehensive,Diesel,7,34987.0,First Owner,Automatic,2020,2925.0,3258640000000.0,3258640000000.0,700.0,1.1,-0.047294387015900656
1464,2017 Mahindra TUV 300 mHAWK100 T8,Apr-17,Comprehensive,Diesel,7,27236.0,Second Owner,Manual,2017,18.49,1493.0,1493.0,100.0,6.5,-0.04573567682480683
1465,2015 Honda City i DTEC VX,May-15,Comprehensive,Diesel,5,41080.0,First Owner,Manual,2015,25.1,1498.0,1498.0,986.0,5.9,-0.045908866846039474
1466,2016 Toyota Etios 1.4 VXD,Jan-16,Comprehensive,Diesel,5,72793.0,First Owner,Manual,2016,23.59,1364.0,1364.0,6704.0,4.55,-0.04629854439381293
1467,2014 Hyundai i10 Sportz,Jun-14,Comprehensive,Petrol,5,64000.0,Third Owner,Manual,2014,20.36,1197.0,1197.0,789.0,2.35,-0.046933574471665976
1468,2020 Jaguar F-Pace Prestige 2.0 AWD,2020,Third Party insurance,Diesel,5,30000.0,First Owner,Automatic,2020,16.38,1999.0,1999.0,177.0,39.0,-0.03635455067470513
1469,2017 Maruti Ignis Zeta,Nov-17,Comprehensive,Petrol,5,32002.0,First Owner,Manual,2017,20.89,1197.0,1197.0,8180.0,4.41,-0.04633895539876722
1470,2018 Renault Duster 85PS Diesel RxS,Jun-18,Comprehensive,Diesel,5,105000.0,First Owner,Manual,2018,19.87,1461.0,1461.0,838.0,5.25,-0.04609648936904151
1471,2017 BMW 3 Series 320d,2017,Third Party insurance,Diesel,5,30000.0,First Owner,Automatic,2017,22.69,1995.0,1995.0,190.0,16.0,-0.042993501488623256
1472,2020 Maruti Wagon R VXI 1.2,Feb-20,Comprehensive,Petrol,5,20827.0,First Owner,Manual,2020,20.52,1197.0,1197.0,8180.0,4.6,-0.046284111892043546
1473,2017 Mahindra Bolero mHAWK D70 ZLX,Oct-17,Third Party insurance,Diesel,7,37852.0,Second Owner,Manual,2017,16.5,1493.0,1493.0,70.0,6.75,-0.0456635143159599
1474,2022 Tata Harrier XZA AT BSVI,Feb-22,Comprehensive,Diesel,5,16683.0,First Owner,Automatic,2022,14.6,1956.0,1956.0,16767.0,19.24,-0.04205827537396696
1475,2011 Hyundai i10 Magna 1.2,Aug-11,Comprehensive,Petrol,5,53135.0,First Owner,Manual,2011,1197.0,789.0,789.0,1117.0,1.8,-0.04709233199112923
1476,2017 Hyundai Grand i10 1.2 Kappa Sportz BSIV,May-17,Comprehensive,Petrol,5,32230.0,First Owner,Manual,2017,18.9,1197.0,1197.0,8186.0,5.13,-0.04613112737328805
1477,2022 BMW 5 Series 520d Luxury Line,Mar-22,Comprehensive,Diesel,5,11000.0,First Owner,Automatic,2022,20.37,1995.0,1995.0,18774.0,69.5,-0.027550724595378915
1478,2022 Volkswagen Taigun 1.0 TSI Topline AT BSVI,Sep-22,Comprehensive,Petrol,5,10400.0,First Owner,Automatic,2022,18.41,999.0,999.0,11398.0,16.35,-0.04289247397623755
1479,2022 Hyundai Grand i10 Nios Asta,Feb-22,Comprehensive,Petrol,5,23748.0,First Owner,Manual,2022,20.7,1197.0,1197.0,8186.0,6.55,-0.045721244323037445
1480,2018 Honda Amaze V CVT Petrol,Jul-18,Comprehensive,Petrol,5,13513.0,First Owner,Automatic,2018,18.3,1199.0,1199.0,8876.0,7.65,-0.045403729284110926
1481,2022 Tata Nexon XZA Plus AMT BSVI,Jan-22,Third Party,Petrol,5,12952.0,First Owner,Automatic,2022,17.05,1199.0,1199.0,11835.0,10.99,-0.044439638165915854
1482,2014 Hyundai Grand i10 Sportz,May-14,Comprehensive,Petrol,5,22672.0,First Owner,Manual,2014,18.9,1197.0,1197.0,82.0,3.84,-0.046503485918938235
1483,2012 Maruti Wagon R VXI BS IV,Jul-12,Comprehensive,Petrol,5,23000.0,First Owner,Manual,2012,18.9,998.0,998.0,671.0,2.9,-0.04677481695220271
1484,2017 Hyundai i20 Sportz 1.2,Jul-17,Comprehensive,Petrol,5,41048.0,First Owner,Manual,2017,18.6,1197.0,1197.0,8183.0,5.48,-0.04603009986090233
1485,2018 Isuzu MU-X 2WD,2018,Third Party insurance,Diesel,7,40000.0,2999 cc,2018,Power Steering,2999.0,17457.0,17457.0,380.0,21.0,-0.041550251311684536
1486,2021 BMW 5 Series 520d Luxury Line,Feb-21,Comprehensive,Diesel,5,10000.0,First Owner,Automatic,2021,20.37,1995.0,1995.0,18774.0,58.75,-0.030653712475797172
1487,2013 Hyundai i10 Sportz,Dec-13,Comprehensive,Petrol,5,1800.0,First Owner,Manual,2013,20.36,1197.0,1197.0,789.0,3.15,-0.04670265444335578
1488,2019 Jeep Compass 1.4 Limited Plus BSIV,May-19,Comprehensive,Petrol,5,34000.0,First Owner,Automatic,2019,16.0,1368.0,1368.0,16077.0,17.5,-0.04256052643554164
1489,2016 Maruti Baleno 1.2 Zeta,2016,Third Party insurance,Petrol,5,40000.0,First Owner,Manual,2016,21.4,1197.0,1197.0,831.0,4.7,-0.04625524688850478
1490,2021 Toyota Urban cruiser Premium AT,Jul-21,Zero Dep,Petrol,5,30000.0,First Owner,Automatic,2021,18.76,1462.0,1462.0,10326.0,11.4,-0.04432129165140688
1491,2018 Hyundai Grand i10 Sportz,Aug-18,Comprehensive,Petrol,5,22700.0,First Owner,Manual,2018,18.9,1197.0,1197.0,8186.0,5.45,-0.046038759361963964
1492,2019 BMW X7 xDrive 40i M Sport,Oct-19,Comprehensive,Petrol,7,28000.0,First Owner,Automatic,2019,10.54,2998.0,2998.0,33525.0,99.0,-0.019035548551440448
1493,2010 Maruti Wagon R LXI Minor,Mar-10,Third Party,Petrol,5,79862.0,First Owner,Manual,2010,1061.0,67.0,67.0,84.0,1.69,-0.04712408349502188
1494,2018 Hyundai Creta 1.6 VTVT AT SX Plus,Mar-18,Comprehensive,Petrol,5,29146.0,First Owner,Automatic,2018,13.0,1591.0,1591.0,1213.0,11.35,-0.04433572415317627
1495,2022 Maruti Baleno Alpha AMT BSVI,Apr-22,Comprehensive,Petrol,5,5500.0,First Owner,Automatic,2022,22.94,1197.0,1197.0,8850.0,9.35,-0.04491302422395176
1496,2014 Hyundai i10 Sportz,Aug-14,Comprehensive,Petrol,5,35925.0,Second Owner,Manual,2014,20.36,1197.0,1197.0,789.0,3.14,-0.046705540943709656
1497,2018 Maruti Wagon R VXI AMT,Apr-18,Comprehensive,Petrol,5,57999.0,First Owner,Automatic,2018,21.79,998.0,998.0,6705.0,4.59,-0.04628699839239742
1498,2012 Maruti Wagon R VXI BS IV,Jul-12,Comprehensive,Petrol,5,23000.0,First Owner,Manual,2012,18.9,998.0,998.0,671.0,2.9,-0.04677481695220271
1499,2017 Maruti Baleno 1.2 Alpha,Mar-17,Comprehensive,Petrol,5,14352.0,Second Owner,Manual,2017,21.4,1197.0,1197.0,831.0,5.87,-0.04591752634710111
1500,2021 BMW 5 Series 520d Luxury Line,Feb-21,Comprehensive,Diesel,5,10000.0,First Owner,Automatic,2021,20.37,1995.0,1995.0,18774.0,58.75,-0.030653712475797172
1501,2014 Maruti Ertiga VXI CNG,Jun-14,Comprehensive,CNG,7,49999.0,First Owner,Manual,2014,22.8,1373.0,1373.0,809.0,6.34,-0.04578186083046887
1502,2018 Maruti Baleno 1.2 Zeta,Aug-18,Comprehensive,Petrol,5,21194.0,First Owner,Manual,2018,21.4,1197.0,1197.0,831.0,6.37,-0.04577320132940724
1503,2013 Hyundai i10 Sportz,Dec-13,Comprehensive,Petrol,5,1800.0,First Owner,Manual,2013,20.36,1197.0,1197.0,789.0,3.15,-0.04670265444335578
1504,2020 Hyundai Grand i10 Nios Sportz CNG,Oct-20,Comprehensive,CNG,5,27019.0,First Owner,Manual,2020,1197.0,6805.0,6805.0,952.0,6.7,-0.045677946817729284
1505,2016 Audi A3 35 TDI Premium Plus,2016,Third Party insurance,Diesel,5,80000.0,1968 cc,2016,Power Steering,1968.0,143.0,143.0,320.0,15.3,-0.04319555651339468
1506,2020 Maruti Vitara Brezza ZDi AMT,Feb-20,Comprehensive,Diesel,5,24000.0,First Owner,Automatic,2020,24.3,1248.0,1248.0,885.0,9.95,-0.04473983420271912
1507,2010 Honda City 1.5 V MT,Jan-10,Comprehensive,Petrol,5,32000.0,First Owner,Manual,2010,17.0,1497.0,1497.0,1186600.0,2.4,-0.046919141969896584
1508,2020 Volvo XC40 T4 R-Design BSIV,Sep-20,Third Party insurance,Petrol,5,22600.0,First Owner,Automatic,2020,1969.0,190.0,190.0,300.0,37.75,-0.03671536321893981
1509,2022 Volvo XC 90 B6 Inscription 7STR,2022,Third Party insurance,Petrol,7,10000.0,First Owner,Automatic,2022,17.2,1969.0,1969.0,29589.0,85.0,-0.023076649046868875
1510,2019 Jeep Compass 1.4 Limited Plus BSIV,May-19,Comprehensive,Petrol,5,34000.0,First Owner,Automatic,2019,16.0,1368.0,1368.0,16077.0,17.5,-0.04256052643554164
1511,2021 Toyota Urban cruiser Premium AT,Jul-21,Zero Dep,Petrol,5,30000.0,First Owner,Automatic,2021,18.76,1462.0,1462.0,10326.0,11.4,-0.04432129165140688
1512,2018 Hyundai Grand i10 Sportz,Aug-18,Comprehensive,Petrol,5,22700.0,First Owner,Manual,2018,18.9,1197.0,1197.0,8186.0,5.45,-0.046038759361963964
1513,2021 Audi Q2 Premium,Dec-21,Comprehensive,Petrol,5,9700.0,First Owner,Automatic,2021,1984.0,18774.0,18774.0,320.0,35.49,-0.03736771229891611
1514,2020 Maruti Baleno Zeta,Jun-20,Comprehensive,Petrol,5,13519.0,First Owner,Manual,2020,21.01,1197.0,1197.0,8180.0,6.94,-0.045608670809236224
1515,2017 Hyundai Creta 1.6 VTVT AT SX Plus,Dec-17,Comprehensive,Petrol,5,45017.0,First Owner,Automatic,2017,13.0,1591.0,1591.0,1213.0,8.75,-0.04508621424518441
1516,2013 Maruti Swift VXI BSIV,Jul-13,Comprehensive,Petrol,5,78308.0,First Owner,Manual,2013,22.0,1197.0,1197.0,8180.0,3.57,-0.046581421428492926
1517,2017 Honda Jazz V CVT,Nov-17,Third Party insurance,Petrol,5,79852.0,First Owner,Automatic,2017,18.2,1199.0,1199.0,887.0,5.69,-0.045969483353470904
1518,2019 BMW X7 xDrive 40i M Sport,Oct-19,Comprehensive,Petrol,7,28000.0,First Owner,Automatic,2019,10.54,2998.0,2998.0,33525.0,99.0,-0.019035548551440448
1519,2016 Hyundai EON Magna Plus,Dec-16,Zero Dep,Petrol,5,18049.0,First Owner,Manual,2016,21.1,814.0,814.0,552.0,3.15,-0.04670265444335578
1520,2022 Volkswagen Taigun 1.0 TSI Topline ES,Nov-22,Comprehensive,Petrol,5,19500.0,First Owner,Manual,2022,19.87,999.0,999.0,11398.0,16.21,-0.04293288498119183
1521,2018 Audi Q5 35TDI,Sep-18,Comprehensive,Diesel,5,35000.0,First Owner,Automatic,2018,17.01,1968.0,1968.0,188.0,41.99,-0.03549148706889577
1522,2021 Maruti Ignis Zeta BSVI,Aug-21,Comprehensive,Petrol,5,7643.0,First Owner,Manual,2021,20.89,1197.0,1197.0,8180.0,6.19,-0.045825158335777036
1523,2015 Hyundai i20 Magna 1.2,Mar-15,Third Party insurance,Petrol,5,12000.0,First Owner,Manual,2015,18.6,1197.0,1197.0,8183.0,5.31,-0.04607917036691825
1524,2014 Hyundai Grand i10 AT Asta,Feb-15,Comprehensive,Petrol,5,22316.0,First Owner,Automatic,2014,18.9,1197.0,1197.0,82.0,4.54,-0.046301430894166815
1525,2021 MG Hector Sharp CVT,2021,Third Party insurance,Petrol,5,40000.0,Second Owner,Automatic,2021,1451.0,141.0,141.0,250.0,16.0,-0.042993501488623256
1526,2010 Hyundai i10 Magna 1.2,Jan-10,Third Party insurance,Petrol,5,45221.0,First Owner,Manual,2010,1197.0,789.0,789.0,1117.0,2.35,-0.046933574471665976
1527,2021 Maruti Baleno Zeta CVT,Oct-21,Comprehensive,Petrol,5,35000.0,First Owner,Automatic,2021,19.56,1197.0,1197.0,8180.0,8.45,-0.045172809255800736
1528,2021 BMW X7 xDrive 40i M Sport,Aug-21,Zero Dep,Petrol,7,7000.0,First Owner,Automatic,2021,10.54,2998.0,2998.0,33525.0,1.15,-0.047279954514131264
1529,2020 MG Hector Sharp Diesel MT,2020,Third Party insurance,Diesel,5,40000.0,First Owner,Manual,2020,17.41,1956.0,1956.0,16768.0,17.0,-0.042704851453235514
1530,2016 Honda City i VTEC SV,Dec-16,Comprehensive,Petrol,5,38671.0,Second Owner,Manual,2016,17.8,1497.0,1497.0,1173.0,6.25,-0.04580783933365377
1531,2012 Hyundai i20 1.2 Sportz Option,Feb-12,Third Party insurance,Petrol,5,49303.0,Second Owner,Manual,2012,17.0,1197.0,1197.0,805200.0,2.8,-0.046803681955741486
1532,2014 Nissan Sunny XL CVT,Jul-14,Comprehensive,Petrol,5,65000.0,First Owner,Automatic,2014,17.97,1498.0,1498.0,9961.0,2.95,-0.04676038445043333
1533,2018 Audi Q3 30 TFSI Premium FWD,Mar-18,Comprehensive,Petrol,5,68000.0,First Owner,Automatic,2018,16.9,1395.0,1395.0,14751.0,24.99,-0.04039853767048743
1534,2019 Hyundai Venue SX Turbo,Aug-19,Comprehensive,Petrol,5,17536.0,First Owner,Manual,2019,18.27,998.0,998.0,11835.0,9.7,-0.044811996711566056
1535,2017 Honda Jazz 1.2 V i VTEC,Jun-17,Third Party insurance,Petrol,5,30400.0,First Owner,Manual,2017,18.7,1199.0,1199.0,887.0,5.35,-0.04606762436550274
1536,2020 MG Hector Hybrid Sharp MT,Feb-20,Comprehensive,Petrol,5,15071.0,First Owner,Manual,2020,1451.0,141.0,141.0,250.0,14.28,-0.04348997954949018
1537,2015 Maruti SX4 S Cross DDiS 200 Zeta,Jul-15,Comprehensive,Diesel,5,80100.0,First Owner,Manual,2015,23.65,1248.0,1248.0,885.0,6.25,-0.04580783933365377
1538,2021 Hyundai Verna SX IVT,Jun-21,Comprehensive,Petrol,5,10773.0,First Owner,Automatic,2021,18.45,1497.0,1497.0,11318.0,11.85,-0.0441913991354824
1539,2020 Tata Tigor XZA Plus,Mar-20,Zero Dep,Petrol,5,10957.0,First Owner,Automatic,2020,20.3,1199.0,1199.0,8381.0,7.53,-0.045438367288357456
1540,2022 Tata Tiago XZ,Aug-22,Comprehensive,Petrol,5,19000.0,First Owner,Manual,2022,20.09,1199.0,1199.0,8482.0,7.45,-0.04546145929118848
1541,2015 Hyundai Verna 1.6 SX CRDI (O) AT,Jul-15,Third Party insurance,Diesel,5,87900.0,Second Owner,Automatic,2015,22.32,1582.0,1582.0,12632.0,6.5,-0.04573567682480683
1542,2021 Maruti Ignis Zeta AMT BSVI,Feb-22,Comprehensive,Petrol,5,16100.0,First Owner,Automatic,2021,20.89,1197.0,1197.0,8180.0,6.44,-0.0457529958269301
1543,2016 Toyota Etios Cross 1.4L VD,Aug-16,Comprehensive,Diesel,5,48650.0,First Owner,Manual,2016,23.59,1364.0,1364.0,6706.0,5.25,-0.04609648936904151
1544,2018 Hyundai Creta 1.6 SX Automatic,Dec-18,Comprehensive,Petrol,5,29252.0,First Owner,Automatic,2018,14.8,1591.0,1591.0,1213.0,11.05,-0.04442231916379259
1545,2022 Maruti Ignis Sigma BSVI,2022,Third Party insurance,Petrol,5,2300.0,First Owner,Manual,2022,1197.0,8180.0,8180.0,113.0,5.9,-0.045908866846039474
1546,2018 Honda Jazz V CVT,May-18,Comprehensive,Petrol,5,19446.0,First Owner,Automatic,2018,18.2,1199.0,1199.0,887.0,6.5,-0.04573567682480683
1547,2022 Maruti Ertiga VXI CNG,May-22,Third Party insurance,CNG,7,26500.0,First Owner,Manual,2022,26.11,1462.0,1462.0,8663.0,11.5,-0.04429242664786811
1548,2020 Hyundai Creta SX Opt Diesel AT BSVI,Aug-20,Comprehensive,Diesel,5,35000.0,First Owner,Automatic,2020,1493.0,11345.0,11345.0,250.0,17.41,-0.04258650493872654
1549,2022 Renault KWID 1.0 RXL Opt BSVI,2022,Third Party insurance,Petrol,5,10000.0,999 cc,2022,Power Steering,999.0,6706.0,6706.0,91.0,3.98,-0.04646307491398395
1550,2017 Honda WR-V i-VTEC S,Jun-17,Comprehensive,Petrol,5,49000.0,First Owner,Manual,2017,17.5,1199.0,1199.0,887.0,5.85,-0.045923299347808866
1551,2018 Volkswagen Polo 1.0 MPI Comfortline,May-18,Comprehensive,Petrol,5,40000.0,Second Owner,Manual,2018,18.78,999.0,999.0,75.0,4.75,-0.046240814386735385
1552,2018 Maruti Swift Dzire VXI,May-18,Comprehensive,Petrol,5,34756.0,First Owner,Manual,2018,20.85,1197.0,1197.0,8314.0,6.1,-0.04585113683896193
2022,6.5,18000,Petrol,Dealer,Manual,49000.0,,,,18.9,1462.0,1462.0,1173.0,7.145,-0.04554949755198173
2022,6.62,18000,Petrol,Dealer,Manual,49000.0,,,,18.9,1462.0,1462.0,1173.0,7.145,-0.04554949755198173
2020,6.5,18000,Petrol,Dealer,Manual,49000.0,,,,18.9,1462.0,1462.0,1173.0,7.145,-0.04554949755198173
2020,6.54,18000,Petrol,Dealer,Manual,49000.0,,,,18.9,1462.0,1462.0,1173.0,7.145,-0.04554949755198173
2020,6.54,18000,Petrol,Individual,Manual,49000.0,,,,18.9,1462.0,1462.0,1173.0,7.145,-0.04554949755198173
2020,6.54,18000,Petrol,Individual,Automatic,49000.0,,,,18.9,1462.0,1462.0,1173.0,7.145,-0.04554949755198173
2020,6.54,17994,Petrol,Individual,Automatic,49000.0,,,,18.9,1462.0,1462.0,1173.0,7.145,-0.04554949755198173
1560,2021 Hyundai i20 Sportz,Jan-22,Comprehensive,Petrol,5,25000.0,First Owner,Manual,2021,18.5,1197.0,1197.0,82.0,46.2,-0.034276270419913366
1561,2021 Hyundai i20 Sportz,Jan-22,Comprehensive,Petrol,5,25000.0,First Owner,Manual,2021,18.5,1197.0,1197.0,82.0,2.2,-0.04697687197697414
1562,2021 Hyundai i20 Sportz,Jan-22,Comprehensive,Petrol,5,50000.0,First Owner,Manual,2022,18.5,1197.0,1197.0,82.0,10.6,-0.04455221167971708
1563,2021 Hyundai i20 Sportz,Jan-22,Comprehensive,Petrol,5,25000.0,First Owner,Manual,2021,18.5,1197.0,1197.0,82.0,7.5,-0.04544702678941909
1564,2021 Hyundai i20 Sportz,Jan-22,Comprehensive,Petrol,5,25000.0,First Owner,Manual,2021,18.5,1197.0,1197.0,82.0,7.5,-0.04544702678941909
